source;target;next_n;prev_n;next_e;distance
0;76;1;59;0;0.015491
0;59;1;58;0;0.015072
0;57;1;58;0;0.0151281
0;12;1;10;0;0.016121
0;54;4;56;3;0.013629
0;32;1;31;0;0.0126696
0;75;1;34;0;0.0133483
0;30;1;11;0;0.0131825
0;73;1;72;0;0.0124341
0;74;1;72;0;0.0124638
0;36;4;43;3;0.016428
0;56;4;43;3;0.0125604
0;10;1;11;0;0.0147668
0;43;4;45;3;0.010684
0;55;4;56;3;0.0132267
0;13;4;40;3;0.0103863
0;31;1;34;0;0.0125337
0;35;1;33;0;0.0116537
0;53;1;38;0;0.00882368
0;69;1;16;0;0.00711025
0;37;1;16;0;0.00654342
0;8;4;6;3;0.00635389
0;67;1;16;0;0.00722511
0;7;4;6;3;0.0057122
0;66;1;67;0;0.00854257
0;14;4;19;3;0.00759371
0;47;4;7;3;0.00654986
0;18;1;15;0;0.00655816
0;29;1;37;0;0.00916824
0;1;1;0;0;0.00319044
0;60;1;62;0;0.00919362
0;2;2;0;1;0.0022114
0;61;1;62;0;0.00836309
0;44;4;7;3;0.00886235
0;15;1;1;0;0.00331564
0;3;3;0;2;0.00327963
0;62;1;37;0;0.00794704
0;16;1;15;0;0.00563573
0;4;4;0;3;0.00327891
0;63;1;64;0;0.00847899
0;17;4;20;3;0.00663092
0;5;2;2;1;0.00453831
0;64;1;37;0;0.00813924
0;48;4;7;3;0.00695109
0;19;4;4;3;0.00543557
0;6;4;4;3;0.0055908
0;65;1;64;0;0.00919135
0;9;4;20;3;0.00869298
0;68;1;67;0;0.00752197
0;38;1;1;0;0.00647274
0;49;4;7;3;0.00691384
0;20;4;4;3;0.00649029
0;25;1;18;0;0.008847
0;33;1;18;0;0.00985555
0;21;4;17;3;0.00822225
0;22;4;9;3;0.00882064
0;52;4;49;3;0.008075
0;51;4;48;3;0.00808631
0;70;1;69;0;0.00823804
0;11;1;29;0;0.0115294
0;71;1;69;0;0.0074973
0;50;4;51;3;0.00935798
0;39;1;41;0;0.00929067
0;40;4;21;3;0.0101131
0;72;1;70;0;0.0111059
0;41;1;66;0;0.00883767
0;26;4;22;3;0.0098978
0;27;4;44;3;0.00899556
0;24;1;53;0;0.00897243
0;42;1;41;0;0.0100202
0;23;1;25;0;0.00902172
0;46;4;44;3;0.0117782
0;45;4;27;3;0.0100787
0;28;1;29;0;0.0106268
0;58;1;65;0;0.0144044
0;34;1;60;0;0.0116984
1;76;15;59;121;0.0123006
1;59;15;58;121;0.0118815
1;57;15;58;121;0.0119376
1;51;20;48;124;0.0111593
1;12;15;10;121;0.0129306
1;52;20;49;124;0.011148
1;54;20;56;124;0.0104676
1;32;15;31;121;0.00947921
1;49;20;7;124;0.00998686
1;48;20;7;124;0.0100241
1;47;20;7;124;0.00962289
1;8;20;6;124;0.00942692
1;14;0;19;122;0.0107841
1;50;20;51;124;0.012431
1;75;15;34;121;0.0101578
1;30;15;11;121;0.00999207
1;73;15;72;121;0.00924364
1;74;15;72;121;0.00927331
1;68;15;67;121;0.00433153
1;9;20;20;124;0.00552384
1;71;15;69;121;0.00430686
1;70;15;69;121;0.0050476
1;11;15;29;121;0.00833896
1;22;20;9;124;0.0056515
1;21;20;17;124;0.00505311
1;25;15;18;121;0.00565656
1;64;15;37;121;0.0049488
1;5;0;2;122;0.00772875
1;53;38;38;123;0.00563325
1;33;15;18;121;0.00666512
1;62;15;37;121;0.0047566
1;3;0;0;122;0.00647007
1;4;0;0;122;0.00646935
1;63;15;64;121;0.00528855
1;60;15;62;121;0.00600318
1;15;15;1;121;0.000125201
1;2;0;0;122;0.00540184
1;61;15;62;121;0.00517265
1;29;15;37;121;0.00597781
1;0;0;1;122;0.00319044
1;67;15;16;121;0.00403467
1;38;38;1;123;0.00328231
1;20;20;1;124;0.00332115
1;16;15;15;121;0.00244529
1;17;20;20;124;0.00346178
1;69;15;16;121;0.00391981
1;10;15;11;121;0.0115764
1;18;15;15;121;0.00336772
1;66;15;67;121;0.00535213
1;7;20;6;124;0.00878522
1;37;15;16;121;0.00335299
1;65;15;64;121;0.00600092
1;6;20;9;124;0.00866382
1;72;15;70;121;0.00791542
1;13;20;40;124;0.0072172
1;39;15;41;121;0.00610023
1;40;20;21;124;0.00694392
1;41;15;66;121;0.00564724
1;19;0;4;122;0.00862601
1;44;20;9;124;0.00570094
1;24;38;53;123;0.00578199
1;42;15;41;121;0.00682975
1;26;20;22;124;0.00672866
1;27;20;44;124;0.00583415
1;23;15;25;121;0.00583128
1;46;20;44;124;0.00861678
1;45;20;27;124;0.00691732
1;28;15;29;121;0.00743638
1;58;15;65;121;0.011214
1;34;15;60;121;0.00850798
1;35;15;33;121;0.0084633
1;31;15;34;121;0.00934321
1;55;20;56;124;0.0100653
1;43;20;45;124;0.00752257
1;56;20;43;124;0.00939899
1;36;15;12;121;0.0132431
36;24;12;53;77;0.018935
36;23;12;25;77;0.018824
36;76;12;59;77;0.0188377
36;59;12;58;77;0.0184186
36;57;12;58;77;0.0184747
36;53;12;25;77;0.0187863
36;3;43;0;78;0.0197076
36;25;12;18;77;0.0186492
36;73;12;72;77;0.0175961
36;74;12;72;77;0.0176258
36;33;12;31;77;0.0186528
36;32;12;31;77;0.0160163
36;2;43;19;78;0.0185187
36;31;12;34;77;0.0158803
36;75;12;34;77;0.0166949
36;72;12;70;77;0.0162679
36;6;43;7;78;0.0108372
36;65;12;64;77;0.012538
36;20;12;17;77;0.00994414
36;54;43;56;78;0.00868904
36;9;43;44;78;0.00774271
36;68;12;66;77;0.0113239
36;17;12;21;77;0.00980351
36;46;43;27;78;0.010322
36;44;43;27;78;0.00756561
36;37;12;29;77;0.00989008
36;28;12;29;77;0.00872384
36;22;43;27;78;0.00761974
36;7;43;44;78;0.0107158
36;66;12;41;77;0.0100574
36;39;12;40;77;0.00930928
36;10;12;12;77;0.00166669
36;69;12;16;77;0.0122723
36;41;12;39;77;0.00976228
36;12;12;36;77;0.000312465
36;71;12;69;77;0.0126593
36;43;43;36;78;0.00574398
36;30;12;12;77;0.00382615
36;27;43;45;78;0.0074324
36;56;43;43;78;0.0076204
36;42;12;39;77;0.0102242
36;13;12;10;77;0.00604809
36;55;43;56;78;0.00828669
36;26;43;45;78;0.00659642
36;29;12;11;77;0.00726526
36;45;43;43;78;0.00634923
36;11;12;10;77;0.00490411
36;70;12;69;77;0.0134001
36;40;12;13;77;0.00632137
36;21;12;40;77;0.00821218
36;15;12;16;77;0.0131179
36;16;12;37;77;0.0107978
36;64;12;37;77;0.0114859
36;62;12;37;77;0.0112937
36;4;43;6;78;0.0131491
36;63;12;64;77;0.0118256
36;1;12;15;77;0.0132431
36;60;12;62;77;0.0125403
36;67;12;66;77;0.0113748
36;8;43;6;78;0.0116003
36;50;43;46;78;0.0142799
36;47;43;7;78;0.0115534
36;48;43;7;78;0.0119547
36;49;43;7;78;0.0119174
36;61;12;62;77;0.0117097
36;14;43;8;78;0.0130587
36;52;43;49;78;0.0130786
36;51;43;48;78;0.0130899
36;58;12;65;77;0.0177511
36;34;12;60;77;0.0150451
36;19;43;14;78;0.0152169
36;18;12;15;77;0.0163604
36;0;43;4;78;0.016428
36;38;12;18;77;0.0164878
57;36;58;12;138;0.0184747
57;56;58;55;138;0.0184538
57;54;58;55;138;0.0186271
57;24;58;53;138;0.0176296
57;44;58;9;138;0.0176386
57;23;58;25;138;0.0175185
57;20;58;1;138;0.0152588
57;17;58;15;138;0.0151752
57;76;59;59;139;0.00144773
57;68;58;67;138;0.0113786
57;9;58;20;138;0.0174615
57;71;58;69;138;0.0113539
57;12;58;10;138;0.0181623
57;70;58;69;138;0.0120946
57;11;58;29;138;0.0135706
57;60;58;61;138;0.0111966
57;1;58;15;138;0.0119376
57;69;58;16;138;0.0109668
57;10;58;11;138;0.016808
57;38;58;18;138;0.0151823
57;67;58;16;138;0.0110817
57;28;58;29;138;0.012668
57;59;59;57;139;0.0010287
57;0;58;1;138;0.0151281
57;65;58;58;138;0.0059367
57;18;58;15;138;0.0150549
57;34;58;60;138;0.0137014
57;63;58;65;138;0.00696824
57;4;58;0;138;0.018407
57;66;58;67;138;0.0123992
57;37;58;64;138;0.00858463
57;64;58;65;138;0.00698882
57;5;58;2;138;0.0196664
57;61;58;63;138;0.0101423
57;2;58;0;138;0.0173395
57;58;58;57;138;0.000723635
57;29;58;37;138;0.0112095
57;16;58;37;138;0.00949233
57;75;58;34;138;0.0153513
57;62;58;37;138;0.00998825
57;3;58;0;138;0.0184077
57;15;58;16;138;0.0118124
57;74;58;72;138;0.0163203
57;72;58;70;138;0.0149625
57;13;58;40;138;0.0164085
57;41;58;66;138;0.0126943
57;42;58;41;138;0.0138768
57;39;58;41;138;0.0131473
57;21;58;39;138;0.0142914
57;40;58;39;138;0.0161352
57;30;58;11;138;0.0152237
57;31;58;34;138;0.0145367
57;55;58;42;138;0.0177876
57;32;58;31;138;0.0146727
57;33;58;31;138;0.0173092
57;73;58;72;138;0.0162907
57;25;58;18;138;0.0173438
57;22;58;17;138;0.0173742
57;53;58;25;138;0.0174808
57;26;58;13;138;0.0170129
57;45;58;26;138;0.0172601
57;43;58;45;138;0.0178654
57;27;58;22;138;0.0175615
57;35;58;33;138;0.0191074
2;76;0;59;18;0.0177024
2;59;0;58;18;0.0172834
2;57;0;58;18;0.0173395
2;12;19;10;20;0.0183016
2;32;0;31;18;0.014881
2;54;19;56;20;0.0157198
2;75;0;34;18;0.0155597
2;30;0;11;18;0.0153939
2;73;0;72;18;0.0146455
2;74;0;72;18;0.0146752
2;36;19;43;20;0.0185187
2;56;19;43;20;0.0146512
2;10;19;13;20;0.0169473
2;55;19;56;20;0.0153175
2;43;19;45;20;0.0127747
2;31;0;34;18;0.0147451
2;35;0;33;18;0.0138651
2;13;19;40;20;0.012566
2;53;0;38;18;0.0110351
2;69;0;16;18;0.00932165
2;7;19;6;20;0.00780296
2;66;0;67;18;0.010754
2;47;19;7;20;0.00864062
2;18;0;15;18;0.00876956
2;17;19;20;20;0.00881053
2;16;0;15;18;0.00784713
2;61;0;62;18;0.0105745
2;44;19;7;20;0.0109531
2;15;0;1;18;0.00552704
2;29;0;37;18;0.0113796
2;0;0;2;18;0.0022114
2;5;5;2;19;0.00232691
2;64;0;37;18;0.0103506
2;48;19;7;20;0.00904185
2;19;19;2;20;0.00330186
2;6;19;8;20;0.00768156
2;65;0;64;18;0.0114028
2;1;0;0;18;0.00540184
2;60;0;62;18;0.011405
2;14;19;19;20;0.00545999
2;3;0;0;18;0.00549103
2;62;0;37;18;0.0101584
2;4;19;19;20;0.00545852
2;63;0;64;18;0.0106904
2;67;0;16;18;0.00943651
2;8;19;14;20;0.00691846
2;9;19;6;20;0.0108215
2;68;0;67;18;0.00973337
2;38;0;1;18;0.00868415
2;49;19;7;20;0.0090046
2;20;19;4;20;0.0086699
2;37;0;16;18;0.00875483
2;25;0;18;18;0.0110584
2;33;0;18;18;0.012067
2;21;19;17;20;0.0104019
2;22;19;9;20;0.0109492
2;52;19;49;20;0.0101658
2;51;19;48;20;0.0101771
2;70;0;69;18;0.0104494
2;11;0;29;18;0.0137408
2;71;0;69;18;0.0097087
2;50;19;51;20;0.0114487
2;39;0;41;18;0.0115021
2;40;19;21;20;0.0122927
2;72;0;70;18;0.0133173
2;41;0;66;18;0.0110491
2;26;19;22;20;0.0120264
2;27;19;44;20;0.0110863
2;46;19;44;20;0.013869
2;24;0;53;18;0.0111838
2;42;0;41;18;0.0122316
2;23;0;25;18;0.0112331
2;45;19;27;20;0.0121695
2;28;0;29;18;0.0128382
2;58;0;65;18;0.0166158
2;34;0;60;18;0.0139098
24;76;53;59;135;0.0179925
24;59;53;58;135;0.0175735
24;57;53;58;135;0.0176296
24;51;53;48;135;0.0169413
24;52;53;49;135;0.01693
24;12;53;10;135;0.0186226
24;54;53;56;135;0.0161997
24;49;53;7;135;0.0157689
24;48;53;7;135;0.0158061
24;47;53;7;135;0.0154049
24;8;53;6;135;0.0152089
24;14;53;19;135;0.0165661
24;50;53;51;135;0.018213
24;30;53;11;135;0.015684
24;73;53;72;135;0.0149356
24;74;53;72;135;0.0149653
24;36;53;12;135;0.018935
24;56;53;43;135;0.0151311
24;21;53;17;135;0.0107713
24;34;53;31;135;0.00947979
24;3;53;0;135;0.0122521
24;62;53;37;135;0.0104486
24;32;53;31;135;0.00878055
24;69;53;16;135;0.00961177
24;10;53;11;135;0.0172683
24;37;53;16;135;0.00904495
24;2;53;0;135;0.0111838
24;61;53;62;135;0.0108646
24;31;53;33;135;0.00864455
24;64;53;37;135;0.0106408
24;5;53;2;135;0.0135107
24;35;53;33;135;0.00767023
24;23;23;24;134;0.00013204
24;53;53;24;135;0.000148743
24;1;53;38;135;0.00578199
24;60;53;62;135;0.0116951
24;25;53;53;135;0.000285804
24;9;53;20;135;0.0113058
24;68;53;67;135;0.0100235
24;67;53;16;135;0.00972663
24;38;53;53;135;0.00249968
24;18;53;25;135;0.00257464
24;15;53;18;135;0.00581716
24;4;53;0;135;0.0122513
24;63;53;64;135;0.0109805
24;33;53;18;135;0.00587204
24;20;53;1;135;0.00910314
24;29;53;37;135;0.0116698
24;0;53;1;135;0.00897243
24;16;53;15;135;0.00813725
24;75;53;32;135;0.00970072
24;17;53;15;135;0.00917995
24;22;53;17;135;0.0113789
24;70;53;69;135;0.0107396
24;11;53;29;135;0.0140309
24;71;53;69;135;0.00999882
24;66;53;67;135;0.0110441
24;7;53;6;135;0.0145672
24;65;53;64;135;0.0116929
24;6;53;9;135;0.0144458
24;72;53;70;135;0.0136074
24;13;53;40;135;0.0129354
24;39;53;41;135;0.0117922
24;40;53;21;135;0.0126621
24;41;53;66;135;0.0113392
24;19;53;4;135;0.014408
24;44;53;9;135;0.0114829
24;42;53;41;135;0.0125217
24;26;53;22;135;0.0124561
24;27;53;22;135;0.0115663
24;46;53;44;135;0.0143988
24;45;53;27;135;0.0126494
24;28;53;29;135;0.0131283
24;58;53;65;135;0.0169059
24;55;53;56;135;0.0157974
24;43;53;45;135;0.0132547
61;51;62;48;161;0.016332
61;52;62;49;161;0.0163207
61;49;62;7;161;0.0151595
61;48;62;7;161;0.0151968
61;47;62;7;161;0.0147955
61;8;62;6;161;0.0145996
61;14;62;19;161;0.0159568
61;50;62;51;161;0.0176037
61;36;62;12;161;0.0117097
61;56;62;55;161;0.0116889
61;54;62;55;161;0.0118621
61;7;62;6;161;0.0139579
61;46;62;27;161;0.0136861
61;24;62;53;161;0.0108646
61;6;62;9;161;0.0138365
61;44;62;9;161;0.0108736
61;23;62;25;161;0.0107535
61;19;62;4;161;0.0137987
61;18;62;15;161;0.00828997
61;1;62;15;161;0.00517265
61;60;60;61;159;0.00105439
61;28;62;29;161;0.00590306
61;68;62;67;161;0.0046136
61;9;62;20;161;0.0106965
61;71;62;69;161;0.00458893
61;12;62;10;161;0.0113973
61;70;62;69;161;0.00532967
61;11;62;29;161;0.00680564
61;17;62;15;161;0.00841024
61;76;63;59;160;0.0105052
61;75;60;34;159;0.00520904
61;16;62;37;161;0.00272736
61;32;60;31;159;0.00453042
61;2;62;0;161;0.0105745
61;31;60;34;159;0.00439442
61;34;60;60;159;0.00355919
61;63;63;61;160;0.00317401
61;4;62;0;161;0.011642
61;66;62;67;161;0.0056342
61;37;62;62;161;0.00181967
61;33;60;31;159;0.00716694
61;62;62;61;161;0.00041605
61;3;62;0;161;0.0116427
61;0;62;1;161;0.00836309
61;59;63;58;160;0.0100862
61;58;63;65;160;0.00941862
61;29;62;37;161;0.00444449
61;64;62;37;161;0.00341548
61;5;62;2;161;0.0129014
61;15;62;16;161;0.00504745
61;74;62;72;161;0.00955538
61;38;62;18;161;0.00841735
61;67;62;16;161;0.00431674
61;69;62;16;161;0.00420188
61;10;62;11;161;0.0100431
61;65;63;63;160;0.00420555
61;20;62;1;161;0.00849381
61;72;62;70;161;0.00819748
61;13;62;40;161;0.00964349
61;41;62;66;161;0.0059293
61;42;62;41;161;0.00711181
61;39;62;41;161;0.0063823
61;21;62;39;161;0.00752644
61;40;62;39;161;0.00937021
61;30;62;11;161;0.00845875
61;55;62;42;161;0.0110226
61;35;60;33;159;0.00896513
61;73;62;72;161;0.00952571
61;25;62;18;161;0.0105788
61;22;62;17;161;0.0106092
61;53;62;25;161;0.0107159
61;57;63;58;160;0.0101423
61;26;62;13;161;0.010248
61;45;62;26;161;0.0104952
61;43;62;45;161;0.0111004
61;27;62;22;161;0.0107965
25;76;18;59;128;0.0177067
25;59;18;58;128;0.0172877
25;57;18;58;128;0.0173438
25;51;18;48;128;0.0168159
25;52;18;49;128;0.0168046
25;12;18;10;128;0.0183368
25;54;18;56;128;0.0159139
25;49;18;7;128;0.0156434
25;48;18;7;128;0.0156807
25;47;18;7;128;0.0152794
25;8;18;6;128;0.0150835
25;14;18;19;128;0.0164407
25;50;18;51;128;0.0180876
25;30;18;11;128;0.0153982
25;73;18;72;128;0.0146498
25;74;18;72;128;0.0146795
25;36;18;12;128;0.0186492
25;56;18;43;128;0.0148453
25;22;18;17;128;0.0110931
25;21;18;17;128;0.0104855
25;34;18;31;128;0.00919399
25;3;18;0;128;0.0121266
25;62;18;37;128;0.0101628
25;32;18;31;128;0.00849474
25;69;18;16;128;0.00932597
25;10;18;11;128;0.0169825
25;37;18;16;128;0.00875914
25;20;18;1;128;0.00897771
25;29;18;37;128;0.011384
25;0;18;1;128;0.008847
25;67;18;16;128;0.00944083
25;38;18;18;128;0.00241622
25;18;18;25;128;0.00228884
25;2;18;0;128;0.0110584
25;61;18;62;128;0.0105788
25;31;18;33;128;0.00835875
25;23;23;25;129;0.000174726
25;1;18;15;128;0.00565656
25;60;18;62;128;0.0114093
25;53;53;25;130;0.000137061
25;24;53;53;130;0.000285804
25;15;18;18;128;0.00553136
25;4;18;0;128;0.0121259
25;63;18;64;128;0.0106947
25;33;18;18;128;0.00558623
25;16;18;15;128;0.00785145
25;75;18;32;128;0.00941492
25;17;18;15;128;0.00889414
25;64;18;37;128;0.010355
25;5;18;2;128;0.0133853
25;35;18;33;128;0.00738442
25;9;18;20;128;0.0111804
25;68;18;67;128;0.00973769
25;70;18;69;128;0.0104538
25;11;18;29;128;0.0137451
25;71;18;69;128;0.00971302
25;66;18;67;128;0.0107583
25;7;18;6;128;0.0144418
25;65;18;64;128;0.0114071
25;6;18;9;128;0.0143204
25;72;18;70;128;0.0133216
25;13;18;40;128;0.0126496
25;39;18;41;128;0.0115064
25;40;18;21;128;0.0123763
25;41;18;66;128;0.0110534
25;42;18;41;128;0.0122359
25;19;18;4;128;0.0142826
25;26;18;22;128;0.0121703
25;27;18;22;128;0.0112805
25;44;18;9;128;0.0113575
25;45;18;27;128;0.0123636
25;46;18;27;128;0.01417
25;28;18;29;128;0.0128425
25;58;18;65;128;0.0166201
25;55;18;56;128;0.0155116
25;43;18;45;128;0.0129689
62;51;37;48;158;0.0159159
62;52;37;49;158;0.0159046
62;49;37;7;158;0.0147435
62;48;37;7;158;0.0147807
62;47;37;7;158;0.0143795
62;8;37;6;158;0.0141835
62;14;37;19;158;0.0155408
62;50;37;51;158;0.0171876
62;36;37;12;158;0.0112937
62;56;37;55;158;0.0112728
62;54;37;55;158;0.0114461
62;7;37;6;158;0.0135418
62;46;37;27;158;0.0132701
62;24;37;53;158;0.0104486
62;6;37;9;158;0.0134204
62;44;37;9;158;0.0104575
62;23;37;25;158;0.0103375
62;19;37;4;158;0.0133826
62;18;37;15;158;0.00787392
62;1;37;15;158;0.0047566
62;60;60;62;157;0.00124658
62;28;37;29;158;0.00548701
62;68;37;67;158;0.00419755
62;9;37;20;158;0.0102804
62;71;37;69;158;0.00417288
62;12;37;10;158;0.0109812
62;70;37;69;158;0.00491362
62;11;37;29;158;0.00638959
62;17;37;15;158;0.00799419
62;76;37;59;158;0.0103512
62;75;60;34;157;0.00540122
62;16;37;37;158;0.00231131
62;33;60;31;157;0.00735912
62;3;37;0;158;0.0112267
62;32;60;31;157;0.0047226
62;61;61;62;156;0.00041605
62;2;37;0;158;0.0101584
62;31;60;34;157;0.00458661
62;66;37;67;158;0.00521815
62;37;37;62;158;0.00140362
62;34;60;60;157;0.00375137
62;63;37;64;158;0.00333918
62;4;37;0;158;0.011226
62;0;37;1;158;0.00794704
62;59;37;58;158;0.00993216
62;58;37;65;158;0.00926461
62;29;37;37;158;0.00402844
62;64;37;37;158;0.00299943
62;5;37;2;158;0.0124854
62;15;37;16;158;0.0046314
62;74;37;72;158;0.00913933
62;38;37;18;158;0.00800131
62;67;37;16;158;0.00390069
62;69;37;16;158;0.00378583
62;10;37;11;158;0.00962701
62;65;37;64;158;0.00405155
62;20;37;1;158;0.00807776
62;72;37;70;158;0.00778143
62;13;37;40;158;0.00922744
62;41;37;66;158;0.00551325
62;42;37;41;158;0.00669576
62;39;37;41;158;0.00596625
62;21;37;39;158;0.00711039
62;40;37;39;158;0.00895416
62;30;37;11;158;0.0080427
62;55;37;42;158;0.0106065
62;35;60;33;157;0.00915731
62;73;37;72;158;0.00910966
62;25;37;18;158;0.0101628
62;22;37;17;158;0.0101932
62;53;37;25;158;0.0102998
62;26;37;13;158;0.00983193
62;57;37;58;158;0.00998825
62;45;37;26;158;0.0100791
62;43;37;45;158;0.0106844
62;27;37;22;158;0.0103805
26;76;13;59;92;0.0173759
26;59;13;58;92;0.0169569
26;57;13;58;92;0.0170129
26;32;13;31;92;0.0145545
26;75;13;34;92;0.0152332
26;31;13;34;92;0.0144185
26;35;22;33;93;0.014977
26;73;13;72;92;0.0142125
26;74;13;72;92;0.0142422
26;24;22;53;93;0.0124561
26;23;22;25;93;0.012345
26;5;22;2;93;0.0143533
26;34;13;60;92;0.0135833
26;58;13;65;92;0.0162893
26;28;13;29;92;0.012043
26;63;13;64;92;0.0103639
26;65;13;64;92;0.0110762
26;72;13;70;92;0.0128843
26;8;22;6;93;0.0051079
26;67;13;66;92;0.00593124
26;66;13;41;92;0.00461378
26;7;22;6;93;0.00446621
26;41;13;39;92;0.00431868
26;1;22;20;93;0.00672866
26;60;13;62;92;0.0110785
26;4;22;20;93;0.00661889
26;54;45;56;94;0.00379751
26;6;22;9;93;0.00434481
26;15;22;17;93;0.00663891
26;44;22;9;93;0.00138192
26;20;22;9;93;0.00340751
26;46;22;27;93;0.00415406
26;17;22;22;93;0.00327613
26;55;45;56;94;0.00339516
26;42;13;39;92;0.00478056
26;13;13;26;92;0.000604489
26;22;22;26;93;0.00107716
26;9;22;22;93;0.00120482
26;68;13;66;92;0.00588028
26;45;45;26;94;0.000247194
26;43;45;45;94;0.000852446
26;56;45;43;94;0.00272887
26;27;22;22;93;0.00126449
26;40;13;13;92;0.000877769
26;39;13;40;92;0.00386568
26;10;13;13;92;0.00498588
26;69;13;16;92;0.00899514
26;36;45;43;94;0.00659642
26;50;22;46;93;0.00811196
26;21;13;40;92;0.00276858
26;47;22;7;93;0.00530387
26;48;22;7;93;0.00570509
26;49;22;7;93;0.00566784
26;11;13;10;92;0.0082233
26;70;13;71;92;0.0100165
26;12;13;10;92;0.00634011
26;71;13;68;92;0.00887895
26;14;22;8;93;0.00656637
26;52;22;49;93;0.00682901
26;51;22;48;93;0.00684032
26;16;13;67;92;0.00752062
26;30;13;12;92;0.0098538
26;19;22;14;93;0.0087245
26;0;22;4;93;0.0098978
26;18;22;15;93;0.00988143
26;38;22;18;93;0.0100088
26;37;13;16;92;0.00842831
26;29;13;11;92;0.0105845
26;64;13;37;92;0.0100241
26;62;13;37;92;0.00983193
26;3;22;0;93;0.0131774
26;2;22;19;93;0.0120264
26;61;13;62;92;0.010248
26;25;22;18;93;0.0121703
26;33;22;18;93;0.0131788
26;53;22;25;93;0.0123073
30;51;12;48;55;0.0166941
30;24;11;53;56;0.015684
30;52;12;49;55;0.0166828
30;35;11;33;56;0.0172
30;23;11;25;56;0.015573
30;19;12;4;55;0.0185134
30;5;11;2;56;0.0177208
30;76;11;59;56;0.0155867
30;14;12;8;55;0.0164202
30;59;11;58;56;0.0151676
30;57;11;58;56;0.0152237
30;49;12;7;55;0.0155216
30;48;12;7;55;0.0155589
30;47;12;7;55;0.0151577
30;8;12;6;55;0.0149617
30;50;12;46;55;0.0179658
30;53;11;25;56;0.0155353
30;3;11;0;56;0.0164621
30;21;12;40;55;0.0114134
30;26;12;13;55;0.0098538
30;34;11;60;56;0.0117941
30;63;11;64;56;0.00857465
30;4;12;20;55;0.0163567
30;60;11;62;56;0.00928928
30;1;11;15;56;0.00999207
30;61;11;62;56;0.00845875
30;2;11;0;56;0.0153939
30;67;11;16;56;0.00913616
30;15;11;16;56;0.00986687
30;74;11;72;56;0.0143748
30;43;12;36;55;0.00957013
30;70;11;69;56;0.0101491
30;11;11;30;56;0.00165311
30;12;12;30;55;0.00351369
30;71;11;69;56;0.00940835
30;64;11;37;56;0.0082349
30;40;12;13;55;0.00952259
30;69;11;16;56;0.0090213
30;10;12;12;55;0.00486792
30;66;11;67;56;0.0104536
30;7;12;6;55;0.01432
30;37;11;29;56;0.00663908
30;68;11;67;56;0.00943302
30;9;12;22;55;0.0110586
30;65;11;64;56;0.00928701
30;6;12;9;55;0.0141986
30;36;12;12;55;0.00382615
30;62;11;37;56;0.0080427
30;58;11;65;56;0.0145001
30;29;11;11;56;0.00401427
30;16;11;37;56;0.00754678
30;75;11;34;56;0.0134439
30;28;11;29;56;0.00547284
30;13;12;10;55;0.00924931
30;72;11;70;56;0.0130169
30;39;11;41;56;0.0112017
30;45;12;26;55;0.010101
30;56;12;43;55;0.0114466
30;22;12;26;55;0.010931
30;17;12;21;55;0.0130047
30;18;11;15;56;0.0131094
30;0;11;1;56;0.0131825
30;38;11;18;56;0.0132368
30;20;12;17;55;0.0131454
30;27;12;22;55;0.0111183
30;41;11;66;56;0.0107487
30;42;11;41;56;0.0119312
30;44;12;9;55;0.0112357
30;46;12;27;55;0.0140079
30;54;12;56;55;0.0125152
30;55;12;56;55;0.0121128
30;31;11;34;56;0.0126293
30;32;11;31;56;0.0127653
30;33;11;31;56;0.0154018
30;73;11;72;56;0.0143451
30;25;11;18;56;0.0153982
49;32;7;31;103;0.0194661
49;73;7;72;103;0.0192305
49;74;7;72;103;0.0192602
49;31;7;34;103;0.0193301
49;35;7;33;103;0.0184502
49;34;7;60;103;0.0184948
49;28;7;29;103;0.0174232
49;23;7;25;103;0.0158181
49;24;7;53;103;0.0157689
49;72;7;70;103;0.0179023
49;63;7;64;103;0.0152754
49;65;7;64;103;0.0159878
49;60;7;62;103;0.01599
49;10;7;13;103;0.0106537
49;69;7;16;103;0.0139067
49;40;7;13;103;0.00654561
49;2;7;19;103;0.0090046
49;61;7;62;103;0.0151595
49;13;7;26;103;0.00627233
49;26;7;22;103;0.00566784
49;45;7;27;103;0.00556818
49;56;7;43;103;0.00804985
49;27;7;44;103;0.004485
49;0;7;4;103;0.00691384
49;17;7;22;103;0.00678966
49;46;52;50;101;0.00641556
49;20;7;9;103;0.00666571
49;52;52;49;101;0.00116117
49;19;7;14;103;0.00570274
49;48;48;49;102;9.35996e-05
49;9;7;6;103;0.00446302
49;68;7;66;103;0.0115397
49;36;7;43;103;0.0119174
49;7;7;49;103;0.00120164
49;66;7;41;103;0.0102732
49;22;7;9;103;0.00459069
49;51;48;48;102;0.00122883
49;50;52;52;101;0.00245765
49;6;7;7;103;0.00132304
49;47;7;7;103;0.00203931
49;8;7;6;103;0.00208613
49;67;7;66;103;0.0115907
49;44;7;7;103;0.00435179
49;4;7;6;103;0.00363493
49;43;7;45;103;0.00617343
49;14;7;8;103;0.0035446
49;21;7;17;103;0.00838099
49;39;7;21;103;0.00952513
49;1;7;20;103;0.00998686
49;15;7;1;103;0.0101121
49;3;7;0;103;0.0101935
49;62;7;37;103;0.0147435
49;54;7;56;103;0.00911849
49;55;7;56;103;0.00871614
49;42;7;39;103;0.01044
49;5;7;2;103;0.0113315
49;64;7;37;103;0.0149357
49;41;7;39;103;0.00997813
49;38;7;1;103;0.0132692
49;16;7;15;103;0.0124322
49;18;7;15;103;0.0133546
49;11;7;10;103;0.0138911
49;70;7;69;103;0.0150345
49;12;7;10;103;0.012008
49;71;7;69;103;0.0142937
49;30;7;12;103;0.0155216
49;37;7;16;103;0.0133399
49;53;7;38;103;0.0156201
49;29;7;37;103;0.0159647
49;25;7;18;103;0.0156434
49;33;7;18;103;0.016652
9;76;20;59;118;0.0178244
9;59;20;58;118;0.0174054
9;57;20;58;118;0.0174615
9;32;20;31;118;0.015003
9;75;20;34;118;0.0156817
9;73;20;72;118;0.0147675
9;74;20;72;118;0.0147972
9;31;20;34;118;0.0148671
9;35;20;33;118;0.0139871
9;34;20;60;118;0.0140318
9;58;20;65;118;0.0167378
9;28;20;29;118;0.0129602
9;23;20;25;118;0.0113551
9;24;20;53;118;0.0113058
9;5;6;2;120;0.0131485
9;72;20;70;118;0.0134393
9;63;20;64;118;0.0108124
9;65;20;64;118;0.0115248
9;54;44;56;119;0.00494379
9;48;6;7;120;0.00450027
9;47;6;7;120;0.00409905
9;8;6;6;120;0.00390308
9;67;22;66;117;0.00712767
9;1;20;20;118;0.00552384
9;60;20;62;118;0.011527
9;4;20;20;118;0.00541407
9;50;6;51;120;0.00690717
9;21;22;17;117;0.00391797
9;39;22;21;117;0.00506211
9;10;22;13;117;0.00619071
9;69;20;16;118;0.00944365
9;40;22;13;117;0.00208259
9;68;22;66;117;0.00707671
9;22;22;9;117;0.000127664
9;49;6;7;120;0.00446302
9;20;20;9;118;0.00220269
9;36;44;43;119;0.00774271
9;7;6;6;120;0.00326138
9;66;22;41;117;0.00581021
9;15;20;1;118;0.00564904
9;44;44;9;119;0.000177098
9;6;6;9;120;0.00313998
9;45;44;27;119;0.00139348
9;55;44;56;119;0.00454145
9;26;22;22;117;0.00120482
9;13;22;26;117;0.00180931
9;56;44;43;119;0.00387516
9;27;44;44;119;0.000310306
9;46;44;44;119;0.00309294
9;17;22;22;117;0.00232664
9;43;44;45;119;0.00199873
9;14;6;8;120;0.00536155
9;52;6;49;120;0.00562419
9;51;6;48;120;0.0056355
9;42;22;39;117;0.00597699
9;41;22;39;117;0.00551511
9;19;6;14;120;0.00751968
9;0;20;4;118;0.00869298
9;38;20;1;118;0.00880615
9;16;20;15;118;0.00796913
9;18;20;15;118;0.00889156
9;11;22;10;117;0.00942812
9;70;20;69;118;0.0105714
9;12;22;10;117;0.00754493
9;71;20;69;118;0.0098307
9;2;6;19;120;0.0108215
9;61;20;62;118;0.0106965
9;30;22;12;117;0.0110586
9;37;20;16;118;0.00887683
9;3;20;0;118;0.0119726
9;62;20;37;118;0.0102804
9;53;20;38;118;0.0111571
9;29;20;37;118;0.0115016
9;64;20;37;118;0.0104726
9;25;20;18;118;0.0111804
9;33;20;18;118;0.012189
50;28;51;29;110;0.0198674
50;23;51;25;110;0.0182623
50;24;51;53;110;0.018213
50;63;51;64;110;0.0177196
50;65;51;64;110;0.0184319
50;60;51;62;110;0.0184342
50;10;46;13;111;0.0130978
50;69;51;16;110;0.0163508
50;40;46;13;111;0.00898973
50;2;51;19;110;0.0114487
50;61;51;62;110;0.0176037
50;13;46;26;111;0.00871645
50;26;46;22;111;0.00811196
50;45;46;27;111;0.00793064
50;0;51;4;110;0.00935798
50;43;46;45;111;0.00853589
50;14;51;8;110;0.00598874
50;56;46;43;111;0.0104123
50;27;46;46;111;0.00684747
50;22;46;27;111;0.0070348
50;51;51;50;110;0.00127167
50;17;46;22;111;0.00923378
50;46;46;50;111;0.0039579
50;36;46;43;111;0.0142799
50;7;51;48;110;0.00364578
50;66;46;41;111;0.0127174
50;52;52;50;112;0.00129649
50;19;51;14;110;0.00814688
50;48;51;51;110;0.00240689
50;9;51;6;110;0.00690717
50;68;46;66;111;0.0139839
50;20;51;9;110;0.00910985
50;49;52;52;112;0.00245765
50;6;51;7;110;0.00376718
50;47;51;7;110;0.00448345
50;8;51;6;110;0.00453028
50;67;46;66;111;0.0140348
50;44;51;7;110;0.00679594
50;4;51;6;110;0.00607907
50;21;46;17;111;0.0108251
50;39;46;21;111;0.0119692
50;1;51;20;110;0.012431
50;15;51;1;110;0.0125562
50;3;51;0;110;0.0126376
50;62;51;37;110;0.0171876
50;54;46;56;111;0.011481
50;55;46;56;111;0.0110786
50;42;46;39;111;0.0128841
50;5;51;2;110;0.0137756
50;64;51;37;110;0.0173798
50;41;46;39;111;0.0124222
50;38;51;1;110;0.0157133
50;16;51;15;110;0.0148763
50;18;51;15;110;0.0157987
50;11;46;10;111;0.0163353
50;70;51;69;110;0.0174786
50;12;46;10;111;0.0144521
50;71;51;69;110;0.0167379
50;30;46;12;111;0.0179658
50;37;51;16;110;0.015784
50;53;51;38;110;0.0180643
50;29;51;37;110;0.0184088
50;25;51;18;110;0.0180876
50;33;51;18;110;0.0190961
10;24;11;53;9;0.0172683
10;35;11;33;9;0.0187843
10;23;11;25;9;0.0171573
10;5;13;2;11;0.0192743
10;76;11;59;9;0.017171
10;59;11;58;9;0.0167519
10;57;11;58;9;0.016808
10;53;11;25;9;0.0171196
10;3;11;0;9;0.0180464
10;25;11;18;9;0.0169825
10;73;11;72;9;0.0159294
10;74;11;72;9;0.0159591
10;33;11;31;9;0.0169861
10;32;11;31;9;0.0143496
10;2;13;19;11;0.0169473
10;31;11;34;9;0.0142136
10;75;11;34;9;0.0150282
10;72;11;70;9;0.0146012
10;54;13;56;11;0.00878339
10;6;13;9;11;0.00933069
10;65;11;64;9;0.0108713
10;44;13;9;11;0.0063678
10;20;13;17;11;0.00827745
10;46;13;27;11;0.00913994
10;17;13;21;11;0.00813682
10;9;13;22;11;0.00619071
10;68;13;66;11;0.00965719
10;37;11;29;9;0.00822339
10;28;11;29;9;0.00705714
10;56;13;43;11;0.00771475
10;27;13;22;11;0.00625038
10;45;13;26;11;0.00523308
10;7;13;6;11;0.00945209
10;66;13;41;11;0.00839069
10;36;12;12;10;0.00166669
10;41;13;39;11;0.00809558
10;12;12;10;10;0.00135423
10;71;11;69;9;0.0109927
10;42;13;39;11;0.00855747
10;13;13;10;11;0.0043814
10;55;13;56;11;0.00838104
10;26;13;13;11;0.00498588
10;69;11;16;9;0.0106056
10;39;13;40;11;0.00764259
10;30;12;12;10;0.00486792
10;43;13;45;11;0.00583833
10;29;11;11;9;0.00559857
10;11;11;10;9;0.00323741
10;70;11;69;9;0.0117334
10;40;13;13;11;0.00465468
10;21;13;40;11;0.00654549
10;22;13;26;11;0.00606304
10;15;11;16;9;0.0114512
10;16;11;37;9;0.00913108
10;64;11;37;9;0.00981921
10;62;11;37;9;0.00962701
10;4;13;20;11;0.0114888
10;63;11;64;9;0.010159
10;1;11;15;9;0.0115764
10;60;11;62;9;0.0108736
10;67;13;66;11;0.00970815
10;8;13;6;11;0.0100938
10;50;13;46;11;0.0130978
10;47;13;7;11;0.0102898
10;48;13;7;11;0.010691
10;49;13;7;11;0.0106537
10;61;11;62;9;0.0100431
10;14;13;8;11;0.0115523
10;52;13;49;11;0.0118149
10;51;13;48;11;0.0118262
10;58;11;65;9;0.0160844
10;34;11;60;9;0.0133784
10;18;11;15;9;0.0146937
10;0;11;1;9;0.0147668
10;19;13;4;11;0.0136455
10;38;11;18;9;0.0148211
69;51;16;48;188;0.0150791
69;52;16;49;188;0.0150678
69;49;16;7;188;0.0139067
69;48;16;7;188;0.0139439
69;47;16;7;188;0.0135427
69;8;16;6;188;0.0133467
69;14;16;19;188;0.014704
69;50;16;51;188;0.0163508
69;76;16;59;188;0.0113298
69;35;16;33;188;0.0121327
69;59;16;58;188;0.0109108
69;57;16;58;188;0.0109668
69;36;16;12;188;0.0122723
69;56;16;55;188;0.010436
69;54;16;55;188;0.0106093
69;7;16;6;188;0.012705
69;46;16;27;188;0.0124333
69;24;16;53;188;0.00961177
69;63;16;64;188;0.00431778
69;4;16;0;188;0.0103892
69;65;16;64;188;0.00503014
69;6;16;9;188;0.0125836
69;20;16;1;188;0.00724096
69;18;16;15;188;0.00703713
69;17;16;15;188;0.00715739
69;1;16;15;188;0.00391981
69;60;16;62;188;0.0050324
69;61;16;62;188;0.00420188
69;2;16;0;188;0.00932165
69;11;16;29;188;0.00736819
69;70;70;69;189;0.00112779
69;10;16;11;188;0.0106056
69;74;70;72;189;0.0053535
69;15;16;16;188;0.00379461
69;16;16;69;188;0.00147452
69;75;16;34;188;0.00918705
69;39;16;41;188;0.00512946
69;68;16;67;188;0.00336075
69;9;16;20;188;0.00944365
69;0;16;1;188;0.00711025
69;29;16;37;188;0.00500703
69;41;16;66;188;0.00467646
69;42;16;41;188;0.00585897
69;71;71;69;190;0.000387049
69;12;16;10;188;0.0119598
69;72;70;70;189;0.00399561
69;13;16;40;188;0.00839065
69;73;70;72;189;0.00532383
69;38;16;18;188;0.00716451
69;67;16;16;188;0.0030639
69;64;16;37;188;0.00397803
69;5;16;2;188;0.0116486
69;62;16;37;188;0.00378583
69;3;16;0;188;0.0103899
69;37;16;16;188;0.00238221
69;66;16;67;188;0.00438136
69;28;16;29;188;0.0064656
69;58;16;65;188;0.0102432
69;34;16;60;188;0.0075372
69;21;16;39;188;0.0062736
69;40;16;39;188;0.00811737
69;55;16;42;188;0.00976974
69;25;16;18;188;0.00932597
69;33;16;18;188;0.0103345
69;22;16;17;188;0.00935637
69;53;16;25;188;0.00946303
69;30;16;11;188;0.0090213
69;31;16;34;188;0.00837244
69;32;16;31;188;0.00850843
69;26;16;13;188;0.00899514
69;45;16;26;188;0.00924233
69;43;16;45;188;0.00984758
69;27;16;22;188;0.0095437
69;19;16;4;188;0.0125458
69;23;16;25;188;0.00950069
69;44;16;9;188;0.00962075
3;76;0;59;23;0.0187706
3;59;0;58;23;0.0183516
3;57;0;58;23;0.0184077
3;12;0;10;23;0.0194007
3;54;0;56;23;0.0169087
3;32;0;31;23;0.0159493
3;75;0;34;23;0.0166279
3;30;0;11;23;0.0164621
3;73;0;72;23;0.0157137
3;74;0;72;23;0.0157434
3;36;0;43;23;0.0197076
3;56;0;43;23;0.01584
3;10;0;11;23;0.0180464
3;43;0;45;23;0.0139636
3;55;0;56;23;0.0165063
3;13;0;40;23;0.013666
3;31;0;34;23;0.0158133
3;35;0;33;23;0.0149334
3;53;0;38;23;0.0121033
3;69;0;16;23;0.0103899
3;37;0;16;23;0.00982306
3;8;0;6;23;0.00963352
3;67;0;16;23;0.0105047
3;7;0;6;23;0.00899183
3;66;0;67;23;0.0118222
3;14;0;19;23;0.0108733
3;47;0;7;23;0.0098295
3;18;0;15;23;0.00983779
3;62;0;37;23;0.0112267
3;16;0;15;23;0.00891536
3;29;0;37;23;0.0124479
3;0;0;3;23;0.00327963
3;1;0;0;23;0.00647007
3;60;0;62;23;0.0124732
3;2;0;0;23;0.00549103
3;61;0;62;23;0.0116427
3;44;0;7;23;0.012142
3;15;0;1;23;0.00659527
3;4;0;0;23;0.00655854
3;63;0;64;23;0.0117586
3;17;0;20;23;0.00991055
3;5;0;2;23;0.00781794
3;64;0;37;23;0.0114189
3;48;0;7;23;0.0102307
3;19;0;4;23;0.0087152
3;6;0;4;23;0.00887043
3;65;0;64;23;0.012471
3;9;0;20;23;0.0119726
3;68;0;67;23;0.0108016
3;38;0;1;23;0.00975238
3;49;0;7;23;0.0101935
3;20;0;4;23;0.00976992
3;25;0;18;23;0.0121266
3;33;0;18;23;0.0131352
3;21;0;17;23;0.0115019
3;22;0;9;23;0.0121003
3;52;0;49;23;0.0113546
3;51;0;48;23;0.0113659
3;70;0;69;23;0.0115177
3;11;0;29;23;0.014809
3;71;0;69;23;0.0107769
3;50;0;51;23;0.0126376
3;39;0;41;23;0.0125703
3;40;0;21;23;0.0133927
3;72;0;70;23;0.0143855
3;41;0;66;23;0.0121173
3;26;0;22;23;0.0131774
3;27;0;44;23;0.0122752
3;24;0;53;23;0.0122521
3;42;0;41;23;0.0132998
3;23;0;25;23;0.0123014
3;46;0;44;23;0.0150578
3;45;0;27;23;0.0133584
3;28;0;29;23;0.0139064
3;58;0;65;23;0.0176841
3;34;0;60;23;0.014978
70;51;69;48;196;0.0162069
70;52;69;49;196;0.0161956
70;49;69;7;196;0.0150345
70;48;69;7;196;0.0150717
70;47;69;7;196;0.0146705
70;8;69;6;196;0.0144745
70;14;69;19;196;0.0158317
70;50;69;51;196;0.0174786
70;76;69;59;196;0.0124576
70;35;69;33;196;0.0132605
70;59;69;58;196;0.0120385
70;57;69;58;196;0.0120946
70;36;69;12;196;0.0134001
70;56;71;55;195;0.0114574
70;54;71;55;195;0.0116306
70;7;69;6;196;0.0138328
70;46;69;27;196;0.0135611
70;24;69;53;196;0.0107396
70;63;69;64;196;0.00544557
70;4;69;0;196;0.0115169
70;65;69;64;196;0.00615793
70;6;69;9;196;0.0137114
70;20;69;1;196;0.00836875
70;18;69;15;196;0.00816492
70;17;69;15;196;0.00828519
70;1;69;15;196;0.0050476
70;60;69;62;196;0.0061602
70;61;69;62;196;0.00532967
70;2;69;0;196;0.0104494
70;62;69;37;196;0.00491362
70;3;69;0;196;0.0115177
70;41;71;66;195;0.00569778
70;11;69;29;196;0.00849598
70;72;72;70;194;0.00286781
70;13;71;40;195;0.00941197
70;42;71;41;195;0.00688029
70;71;71;70;195;0.00113752
70;12;69;10;196;0.0130876
70;69;69;70;196;0.00112779
70;10;69;11;196;0.0117334
70;39;71;41;195;0.00615078
70;68;71;71;195;0.00413618
70;9;69;20;196;0.0105714
70;0;69;1;196;0.00823804
70;29;69;37;196;0.00613482
70;38;69;18;196;0.0082923
70;67;69;16;196;0.00419169
70;66;71;68;195;0.00540268
70;37;69;16;196;0.00351
70;16;69;69;196;0.00260231
70;75;69;34;196;0.0103148
70;74;72;72;194;0.00422571
70;15;69;16;196;0.0049224
70;73;72;72;194;0.00419604
70;64;69;37;196;0.00510582
70;5;69;2;196;0.0127764
70;28;69;29;196;0.00759339
70;21;71;39;195;0.00729492
70;40;71;39;195;0.00913869
70;58;69;65;196;0.011371
70;34;69;60;196;0.00866499
70;55;71;42;195;0.0107911
70;25;69;18;196;0.0104538
70;33;69;18;196;0.0114623
70;22;69;17;196;0.0104842
70;53;69;25;196;0.0105908
70;30;69;11;196;0.0101491
70;31;69;34;196;0.00950023
70;26;71;13;195;0.0100165
70;32;69;31;196;0.00963623
70;45;71;26;195;0.0102637
70;43;71;45;195;0.0108689
70;27;69;22;196;0.0106715
70;19;69;4;196;0.0136736
70;23;69;25;196;0.0106285
70;44;69;9;196;0.0107485
4;76;0;59;27;0.0187699
4;59;0;58;27;0.0183509
4;57;0;58;27;0.018407
4;32;0;31;27;0.0159486
4;75;0;34;27;0.0166272
4;73;0;72;27;0.015713
4;74;0;72;27;0.0157427
4;31;0;34;27;0.0158126
4;35;0;33;27;0.0149327
4;30;20;12;29;0.0163567
4;34;0;60;27;0.0149773
4;58;0;65;27;0.0176833
4;28;0;29;27;0.0139057
4;23;0;25;27;0.0123006
4;24;0;53;27;0.0122513
4;72;0;70;27;0.0143848
4;12;20;10;29;0.0128431
4;11;20;10;29;0.0147262
4;27;6;44;28;0.00571665
4;26;20;22;29;0.00661889
4;5;19;2;30;0.00778543
4;64;0;37;27;0.0114182
4;40;20;21;29;0.00683415
4;39;20;21;29;0.00608748
4;52;6;49;28;0.00479609
4;51;6;48;28;0.0048074
4;22;20;9;29;0.00554173
4;50;6;51;28;0.00607907
4;21;20;17;29;0.00494334
4;3;0;0;27;0.00655854
4;62;0;37;27;0.011226
4;1;0;0;27;0.00646935
4;60;0;62;27;0.0124725
4;46;6;44;28;0.00849929
4;17;20;20;29;0.00335201
4;63;0;64;27;0.0117579
4;0;0;4;27;0.00327891
4;6;6;4;28;0.00231189
4;65;0;64;27;0.0124703
4;49;6;7;28;0.00363493
4;20;20;4;29;0.00321138
4;7;6;6;28;0.00243329
4;66;20;41;29;0.00683558
4;14;19;19;30;0.0043148
4;2;19;19;30;0.00545852
4;61;0;62;27;0.011642
4;8;6;6;28;0.00307498
4;67;20;66;29;0.00815304
4;47;6;7;28;0.00327095
4;9;20;20;29;0.00541407
4;68;20;66;29;0.00810209
4;19;19;4;30;0.00215666
4;48;6;7;28;0.00367218
4;15;0;1;27;0.00659455
4;44;6;7;28;0.00558344
4;45;6;27;28;0.00679982
4;41;20;39;29;0.00654048
4;42;20;39;29;0.00700237
4;38;0;1;27;0.00975165
4;16;0;15;27;0.00891464
4;18;0;15;27;0.00983707
4;13;20;40;29;0.00710743
4;43;6;45;28;0.00740508
4;55;6;56;28;0.00994779
4;10;20;13;29;0.0114888
4;69;0;16;27;0.0103892
4;56;6;43;28;0.0092815
4;36;6;43;28;0.0131491
4;71;0;69;27;0.0107762
4;37;0;16;27;0.00982233
4;54;6;56;28;0.0103501
4;53;0;38;27;0.0121026
4;29;0;37;27;0.0124472
4;25;0;18;27;0.0121259
4;33;0;18;27;0.0131345
4;70;0;69;27;0.0115169
45;76;26;59;90;0.0176231
45;59;26;58;90;0.0172041
45;57;26;58;90;0.0172601
45;32;26;31;90;0.0148017
45;75;26;34;90;0.0154803
45;31;26;34;90;0.0146657
45;35;27;33;91;0.0151704
45;73;26;72;90;0.0144597
45;74;26;72;90;0.0144894
45;24;27;53;91;0.0126494
45;23;27;25;91;0.0125384
45;5;27;2;91;0.0144964
45;34;26;60;90;0.0138305
45;58;26;65;90;0.0165365
45;28;26;29;90;0.0122902
45;63;26;64;90;0.0106111
45;65;26;64;90;0.0113234
45;72;26;70;90;0.0131315
45;48;27;7;91;0.00560542
45;47;27;7;91;0.0052042
45;41;26;39;90;0.00456587
45;1;27;20;91;0.00691732
45;60;26;62;90;0.0113257
45;4;27;6;91;0.00679982
45;54;43;56;89;0.00355031
45;6;27;7;91;0.00448794
45;20;27;9;91;0.00359617
45;9;27;44;91;0.00139348
45;68;26;66;90;0.00612748
45;43;43;45;89;0.000605252
45;55;43;56;89;0.00314797
45;26;26;45;90;0.000247194
45;42;26;39;90;0.00502776
45;13;26;26;90;0.000851683
45;56;43;43;89;0.00248167
45;27;27;45;91;0.00108317
45;40;26;13;90;0.00112496
45;22;27;27;91;0.00127051
45;7;27;44;91;0.00436654
45;66;26;41;90;0.00486097
45;36;43;43;89;0.00634923
45;39;26;40;90;0.00411287
45;10;26;13;90;0.00523308
45;69;26;16;90;0.00924233
45;15;27;17;91;0.00683227
45;44;27;27;91;0.00121638
45;17;27;22;91;0.00346948
45;46;27;27;91;0.00397274
45;50;27;46;91;0.00793064
45;21;26;40;90;0.00301577
45;49;27;7;91;0.00556818
45;8;27;6;91;0.00525103
45;67;26;66;90;0.00617843
45;11;26;10;90;0.00847049
45;70;26;71;90;0.0102637
45;12;26;10;90;0.00658731
45;71;26;68;90;0.00912614
45;14;27;8;91;0.0067095
45;52;27;49;91;0.00672934
45;51;27;48;91;0.00674065
45;16;26;67;90;0.00776781
45;30;26;12;90;0.010101
45;19;27;14;91;0.00886763
45;0;27;4;91;0.0100787
45;18;27;15;91;0.0100748
45;38;27;1;91;0.0101996
45;37;26;16;90;0.00867551
45;29;26;11;90;0.0108317
45;64;26;37;90;0.0102713
45;62;26;37;90;0.0100791
45;3;27;0;91;0.0133584
45;2;27;19;91;0.0121695
45;61;26;62;90;0.0104952
45;25;27;18;91;0.0123636
45;33;27;18;91;0.0133722
45;53;27;25;91;0.0125007
5;59;2;58;4;0.0196103
5;57;2;58;4;0.0196664
5;32;2;31;4;0.017208
5;54;2;56;4;0.0180467
5;75;2;34;4;0.0178866
5;30;2;11;4;0.0177208
5;73;2;72;4;0.0169724
5;74;2;72;4;0.0170021
5;56;2;43;4;0.0169781
5;10;2;13;4;0.0192743
5;55;2;56;4;0.0176444
5;43;2;45;4;0.0151017
5;31;2;34;4;0.017072
5;35;2;33;4;0.0161921
5;13;2;40;4;0.0148929
5;53;2;38;4;0.013362
5;69;2;16;4;0.0116486
5;7;2;6;4;0.0101299
5;66;2;67;4;0.0130809
5;47;2;7;4;0.0109675
5;18;2;15;4;0.0110965
5;17;2;20;4;0.0111374
5;16;2;15;4;0.010174
5;64;2;37;4;0.0126776
5;2;2;5;4;0.00232691
5;61;2;62;4;0.0129014
5;44;2;7;4;0.01328
5;15;2;1;4;0.00785395
5;29;2;37;4;0.0137066
5;0;2;2;4;0.00453831
5;48;2;7;4;0.0113688
5;19;2;2;4;0.00562877
5;6;2;8;4;0.0100085
5;65;2;64;4;0.0137297
5;1;2;0;4;0.00772875
5;60;2;62;4;0.0137319
5;14;2;19;4;0.0077869
5;3;2;0;4;0.00781794
5;62;2;37;4;0.0124854
5;4;2;19;4;0.00778543
5;63;2;64;4;0.0130173
5;67;2;16;4;0.0117634
5;8;2;14;4;0.00924537
5;9;2;6;4;0.0131485
5;68;2;67;4;0.0120603
5;38;2;1;4;0.0110111
5;49;2;7;4;0.0113315
5;20;2;4;4;0.0109968
5;37;2;16;4;0.0110817
5;25;2;18;4;0.0133853
5;33;2;18;4;0.0143939
5;21;2;17;4;0.0127288
5;22;2;9;4;0.0132761
5;52;2;49;4;0.0124927
5;51;2;48;4;0.012504
5;70;2;69;4;0.0127764
5;11;2;29;4;0.0160677
5;71;2;69;4;0.0120356
5;50;2;51;4;0.0137756
5;39;2;41;4;0.013829
5;40;2;21;4;0.0146196
5;72;2;70;4;0.0156442
5;41;2;66;4;0.013376
5;26;2;22;4;0.0143533
5;27;2;44;4;0.0134132
5;46;2;44;4;0.0161959
5;24;2;53;4;0.0135107
5;42;2;41;4;0.0145585
5;23;2;25;4;0.01356
5;45;2;27;4;0.0144964
5;28;2;29;4;0.0151651
5;58;2;65;4;0.0189427
5;34;2;60;4;0.0162367
46;32;27;31;97;0.0179927
46;75;27;34;97;0.0186713
46;73;27;72;97;0.0177571
46;74;27;72;97;0.0177868
46;31;27;34;97;0.0178567
46;35;27;33;97;0.0169768
46;34;27;60;97;0.0170214
46;58;27;65;97;0.0197274
46;28;27;29;97;0.0159498
46;24;44;53;95;0.0143988
46;23;27;25;97;0.0143447
46;5;44;2;95;0.0161959
46;72;27;70;97;0.0164289
46;63;27;64;97;0.013802
46;65;27;64;97;0.0145144
46;8;44;6;95;0.00695049
46;67;27;66;97;0.0100769
46;47;44;7;95;0.00690367
46;1;44;20;95;0.00861678
46;60;27;62;97;0.0145166
46;4;44;6;95;0.00849929
46;48;50;51;96;0.0063648
46;39;27;21;97;0.00801134
46;10;27;13;97;0.00913994
46;69;27;16;97;0.0124333
46;40;27;13;97;0.00503183
46;13;27;26;97;0.00475855
46;43;27;45;97;0.00457799
46;52;50;50;96;0.00525439
46;36;27;43;97;0.010322
46;7;44;44;95;0.006066
46;66;27;41;97;0.00875945
46;49;50;52;96;0.00641556
46;20;44;9;95;0.00529563
46;15;27;17;97;0.00863866
46;44;44;46;95;0.00291585
46;21;27;17;97;0.0068672
46;50;50;46;96;0.0039579
46;56;27;43;97;0.00645441
46;27;27;46;97;0.00288956
46;9;44;44;95;0.00309294
46;68;27;66;97;0.0100259
46;45;27;27;97;0.00397274
46;6;44;7;95;0.0061874
46;26;27;22;97;0.00415406
46;17;27;22;97;0.00527587
46;22;27;27;97;0.0030769
46;51;50;50;96;0.00522957
46;54;27;56;97;0.00752305
46;55;27;56;97;0.0071207
46;14;44;8;95;0.00840896
46;42;27;39;97;0.00892623
46;41;27;39;97;0.00846434
46;19;44;14;95;0.0105671
46;0;44;4;95;0.0117782
46;38;44;1;95;0.0118991
46;16;27;15;97;0.0109587
46;18;27;15;97;0.0118812
46;11;27;10;97;0.0123774
46;70;27;69;97;0.0135611
46;12;27;10;97;0.0104942
46;71;27;69;97;0.0128203
46;30;27;12;97;0.0140079
46;2;44;19;95;0.013869
46;61;27;62;97;0.0136861
46;37;27;16;97;0.0118664
46;3;44;0;95;0.0150578
46;62;27;37;97;0.0132701
46;29;27;37;97;0.0144913
46;64;27;37;97;0.0134623
46;25;27;18;97;0.01417
46;33;27;18;97;0.0151786
46;53;44;38;95;0.01425
58;7;65;6;222;0.0199992
58;36;65;12;222;0.0177511
58;56;65;55;222;0.0177302
58;54;65;55;222;0.0179035
58;46;65;27;222;0.0197274
58;24;65;53;222;0.0169059
58;6;65;9;222;0.0198778
58;44;65;9;222;0.0169149
58;23;65;25;222;0.0167949
58;19;65;4;222;0.01984
58;20;65;1;222;0.0145351
58;17;65;15;222;0.0144516
58;76;59;59;223;0.00108658
58;68;65;67;222;0.0106549
58;9;65;20;222;0.0167378
58;71;65;69;222;0.0106303
58;12;65;10;222;0.0174386
58;70;65;69;222;0.011371
58;11;65;29;222;0.012847
58;60;65;61;222;0.010473
58;1;65;15;222;0.011214
58;69;65;16;222;0.0102432
58;10;65;11;222;0.0160844
58;38;65;18;222;0.0144587
58;67;65;16;222;0.0103581
58;28;65;29;222;0.0119444
58;57;57;58;221;0.000723635
58;65;65;58;222;0.00521307
58;59;59;58;223;0.000667547
58;0;65;1;222;0.0144044
58;18;65;15;222;0.0143313
58;34;65;60;222;0.0129778
58;63;65;65;222;0.00624461
58;4;65;0;222;0.0176833
58;66;65;67;222;0.0116755
58;37;65;64;222;0.007861
58;64;65;65;222;0.00626518
58;5;65;2;222;0.0189427
58;61;65;63;222;0.00941862
58;2;65;0;222;0.0166158
58;29;65;37;222;0.0104858
58;16;65;37;222;0.00876869
58;75;65;34;222;0.0146277
58;62;65;37;222;0.00926461
58;3;65;0;222;0.0176841
58;15;65;16;222;0.0110888
58;74;65;72;222;0.0155967
58;72;65;70;222;0.0142388
58;13;65;40;222;0.0156848
58;41;65;66;222;0.0119706
58;42;65;41;222;0.0131531
58;39;65;41;222;0.0124236
58;21;65;39;222;0.0135678
58;40;65;39;222;0.0154115
58;30;65;11;222;0.0145001
58;31;65;34;222;0.013813
58;55;65;42;222;0.0170639
58;32;65;31;222;0.013949
58;33;65;31;222;0.0165856
58;73;65;72;222;0.015567
58;25;65;18;222;0.0166201
58;22;65;17;222;0.0166505
58;53;65;25;222;0.0167572
58;26;65;13;222;0.0162893
58;45;65;26;222;0.0165365
58;43;65;45;222;0.0171418
58;27;65;22;222;0.0168379
58;35;65;33;222;0.0183837
37;51;16;48;163;0.0145123
37;52;16;49;163;0.014501
37;49;16;7;163;0.0133399
37;48;16;7;163;0.0133771
37;47;16;7;163;0.0129759
37;8;16;6;163;0.0127799
37;14;16;19;163;0.0141371
37;50;16;51;163;0.015784
37;36;29;12;162;0.00989008
37;56;16;55;163;0.00986921
37;54;16;55;163;0.0100425
37;7;16;6;163;0.0121382
37;46;16;27;163;0.0118664
37;24;16;53;163;0.00904495
37;6;16;9;163;0.0120168
37;44;16;9;163;0.00905392
37;35;62;33;165;0.0105609
37;23;16;25;163;0.00893387
37;72;16;70;163;0.00637782
37;13;16;40;163;0.00782382
37;20;16;1;163;0.00667414
37;18;16;15;163;0.00647031
37;17;16;15;163;0.00659057
37;76;64;59;164;0.00894757
37;1;16;15;163;0.00335299
37;60;62;62;165;0.00265019
37;28;29;29;162;0.00408339
37;68;16;67;163;0.00279393
37;9;16;20;163;0.00887683
37;42;16;41;163;0.00529215
37;71;16;69;163;0.00276926
37;12;29;10;162;0.00957762
37;66;16;67;163;0.00381453
37;34;62;60;165;0.00515499
37;63;64;64;164;0.00193556
37;4;16;0;163;0.00982233
37;0;16;1;163;0.00654342
37;59;64;58;164;0.00852854
37;58;64;65;164;0.007861
37;29;29;37;162;0.00262482
37;16;16;37;163;0.000907694
37;75;62;34;165;0.00680484
37;64;64;37;164;0.00159582
37;5;16;2;163;0.0110817
37;62;62;37;165;0.00140362
37;3;16;0;163;0.00982306
37;15;16;16;163;0.00322779
37;74;16;72;163;0.00773572
37;38;16;18;163;0.00659769
37;67;16;16;163;0.00249707
37;11;29;29;162;0.00498598
37;70;16;69;163;0.00351
37;69;16;16;163;0.00238221
37;10;29;11;162;0.00822339
37;61;62;62;165;0.00181967
37;2;16;0;163;0.00875483
37;65;64;64;164;0.00264793
37;41;16;66;163;0.00410964
37;39;16;41;163;0.00456264
37;21;16;39;163;0.00570678
37;40;16;39;163;0.00755054
37;30;29;11;162;0.00663908
37;31;62;34;165;0.00599023
37;55;16;42;163;0.00920292
37;32;62;31;165;0.00612622
37;33;62;31;165;0.00876274
37;73;16;72;163;0.00770604
37;25;16;18;163;0.00875914
37;22;16;17;163;0.00878954
37;53;16;25;163;0.00889621
37;26;16;13;163;0.00842831
37;57;64;58;164;0.00858463
37;45;16;26;163;0.00867551
37;43;16;45;163;0.00928076
37;27;16;22;163;0.00897688
37;19;16;4;163;0.011979
18;76;15;59;61;0.0154179
18;59;15;58;61;0.0149989
18;57;15;58;61;0.0150549
18;51;15;48;61;0.0145271
18;52;15;49;61;0.0145158
18;12;15;10;61;0.0160479
18;54;15;56;61;0.0136251
18;49;15;7;61;0.0133546
18;48;15;7;61;0.0133918
18;47;15;7;61;0.0129906
18;8;15;6;61;0.0127946
18;14;15;19;61;0.0141519
18;50;15;51;61;0.0157987
18;30;15;11;61;0.0131094
18;73;15;72;61;0.012361
18;74;15;72;61;0.0123906
18;36;15;12;61;0.0163604
18;56;15;43;61;0.0125565
18;22;15;17;61;0.00880427
18;21;15;17;61;0.00819663
18;34;33;31;63;0.00690515
18;3;15;0;61;0.00983779
18;62;15;37;61;0.00787392
18;32;33;31;63;0.00620591
18;69;15;16;61;0.00703713
18;10;15;11;61;0.0146937
18;37;15;16;61;0.00647031
18;20;15;1;61;0.00668887
18;29;15;37;61;0.00909512
18;0;15;1;61;0.00655816
18;2;15;0;61;0.00876956
18;61;15;62;61;0.00828997
18;31;33;33;63;0.00606991
18;67;15;16;61;0.00715199
18;38;38;18;60;0.000127382
18;25;25;18;62;0.00228884
18;15;15;18;61;0.00324252
18;4;15;0;61;0.00983707
18;63;15;64;61;0.00840587
18;33;33;18;63;0.0032974
18;1;15;15;61;0.00336772
18;60;15;62;61;0.0091205
18;23;25;25;62;0.00246356
18;53;25;25;62;0.0024259
18;24;25;53;62;0.00257464
18;16;15;15;61;0.00556261
18;75;33;32;63;0.00712608
18;17;15;15;61;0.0066053
18;64;15;37;61;0.00806612
18;5;15;2;61;0.0110965
18;35;33;33;63;0.00509558
18;9;15;20;61;0.00889156
18;68;15;67;61;0.00744885
18;70;15;69;61;0.00816492
18;11;15;29;61;0.0114563
18;71;15;69;61;0.00742418
18;66;15;67;61;0.00846945
18;7;15;6;61;0.0121529
18;65;15;64;61;0.00911824
18;6;15;9;61;0.0120315
18;72;15;70;61;0.0110327
18;13;15;40;61;0.0103607
18;39;15;41;61;0.00921755
18;40;15;21;61;0.0100874
18;41;15;66;61;0.00876455
18;42;15;41;61;0.00994707
18;19;15;4;61;0.0119937
18;26;15;22;61;0.00988143
18;27;15;22;61;0.00899161
18;44;15;9;61;0.00906866
18;45;15;27;61;0.0100748
18;46;15;27;61;0.0118812
18;28;15;29;61;0.0105537
18;58;15;65;61;0.0143313
18;55;15;56;61;0.0132228
18;43;15;45;61;0.01068
53;76;25;59;131;0.0178438
53;59;25;58;131;0.0174248
53;57;25;58;131;0.0174808
53;51;38;48;133;0.0167926
53;52;38;49;133;0.0167813
53;12;25;10;131;0.0184738
53;54;25;56;131;0.016051
53;49;38;7;133;0.0156201
53;48;38;7;133;0.0156574
53;47;38;7;133;0.0152561
53;8;38;6;133;0.0150602
53;14;38;19;133;0.0164174
53;50;38;51;133;0.0180643
53;30;25;11;131;0.0155353
53;73;25;72;131;0.0147869
53;74;25;72;131;0.0148165
53;36;25;12;131;0.0187863
53;56;25;43;131;0.0149824
53;21;25;17;131;0.0106225
53;34;25;31;131;0.00933105
53;3;38;0;133;0.0121033
53;62;25;37;131;0.0102998
53;32;25;31;131;0.0086318
53;69;25;16;131;0.00946303
53;10;25;11;131;0.0171196
53;37;25;16;131;0.00889621
53;2;38;0;133;0.0110351
53;61;25;62;131;0.0107159
53;31;25;33;131;0.00849581
53;64;25;37;131;0.010492
53;5;38;2;133;0.013362
53;35;25;33;131;0.00752148
53;1;38;38;133;0.00563325
53;60;25;62;131;0.0115464
53;25;25;53;131;0.000137061
53;9;38;20;133;0.0111571
53;68;25;67;131;0.00987475
53;67;25;16;131;0.00957789
53;38;38;53;133;0.00235094
53;24;24;53;132;0.000148743
53;18;25;25;131;0.0024259
53;23;24;24;132;0.000280783
53;15;25;18;131;0.00566842
53;4;38;0;133;0.0121026
53;63;25;64;131;0.0108318
53;33;25;18;131;0.00572329
53;20;38;1;133;0.0089544
53;29;25;37;131;0.011521
53;0;38;1;133;0.00882368
53;16;25;15;131;0.00798851
53;75;25;32;131;0.00955198
53;17;25;15;131;0.0090312
53;22;25;17;131;0.0112302
53;70;25;69;131;0.0105908
53;11;25;29;131;0.0138822
53;71;25;69;131;0.00985008
53;66;25;67;131;0.0108954
53;7;38;6;133;0.0144185
53;65;25;64;131;0.0115441
53;6;38;9;133;0.0142971
53;72;25;70;131;0.0134586
53;13;25;40;131;0.0127866
53;39;25;41;131;0.0116435
53;40;25;21;131;0.0125133
53;41;25;66;131;0.0111905
53;19;38;4;133;0.0142593
53;44;38;9;133;0.0113342
53;42;25;41;131;0.012373
53;26;25;22;131;0.0123073
53;27;25;22;131;0.0114175
53;46;38;44;133;0.01425
53;45;25;27;131;0.0125007
53;28;25;29;131;0.0129796
53;58;25;65;131;0.0167572
53;55;25;56;131;0.0156487
53;43;25;45;131;0.0131059
19;32;4;31;26;0.0181052
19;75;4;34;26;0.0187838
19;73;4;72;26;0.0178697
19;74;4;72;26;0.0178993
19;31;4;34;26;0.0179692
19;35;4;33;26;0.0170893
19;30;4;12;26;0.0185134
19;34;4;60;26;0.017134
19;58;4;65;26;0.01984
19;28;4;29;26;0.0160624
19;23;4;25;26;0.0144573
19;24;4;53;26;0.014408
19;72;4;70;26;0.0165414
19;12;4;10;26;0.0149997
19;11;4;10;26;0.0168829
19;27;14;44;24;0.00778446
19;26;14;22;24;0.0087245
19;40;4;21;26;0.00899081
19;39;4;21;26;0.00824415
19;52;14;49;24;0.00686391
19;51;14;48;24;0.00687521
19;22;14;9;24;0.00764735
19;50;14;51;24;0.00814688
19;21;4;17;26;0.0071
19;3;4;0;26;0.0087152
19;62;4;37;26;0.0133826
19;1;4;0;26;0.00862601
19;60;4;62;26;0.0146292
19;46;14;44;24;0.0105671
19;17;4;20;26;0.00550867
19;48;14;7;24;0.00573999
19;6;14;8;24;0.0043797
19;65;4;64;26;0.0146269
19;14;14;19;24;0.00215814
19;2;2;19;25;0.00330186
19;61;4;62;26;0.0137987
19;4;4;19;26;0.00215666
19;63;4;64;26;0.0139146
19;0;4;4;26;0.00543557
19;49;14;7;24;0.00570274
19;20;4;4;26;0.00536804
19;7;14;6;24;0.0045011
19;66;4;41;26;0.00899225
19;8;14;14;24;0.0036166
19;67;4;66;26;0.0103097
19;47;14;7;24;0.00533876
19;5;2;2;25;0.00562877
19;64;4;37;26;0.0135748
19;15;4;1;26;0.00875121
19;44;14;7;24;0.00765125
19;9;14;6;24;0.00751968
19;68;4;66;26;0.0102587
19;45;14;27;24;0.00886763
19;41;4;39;26;0.00869714
19;42;4;39;26;0.00915903
19;38;4;1;26;0.0119083
19;13;4;40;26;0.00926409
19;16;4;15;26;0.0110713
19;18;4;15;26;0.0119937
19;43;14;45;24;0.00947289
19;55;14;56;24;0.0120156
19;10;4;13;26;0.0136455
19;69;4;16;26;0.0125458
19;56;14;43;24;0.0113493
19;36;14;43;24;0.0152169
19;71;4;69;26;0.0129329
19;37;4;16;26;0.011979
19;54;14;56;24;0.0124179
19;53;4;38;26;0.0142593
19;29;4;37;26;0.0146038
19;25;4;18;26;0.0142826
19;33;4;18;26;0.0152911
19;70;4;69;26;0.0136736
54;76;55;59;136;0.01899
54;59;55;58;136;0.018571
54;57;55;58;136;0.0186271
54;35;56;33;137;0.0187207
54;24;56;53;137;0.0161997
54;32;55;31;136;0.0161687
54;23;56;25;137;0.0160887
54;5;56;2;137;0.0180467
54;31;55;34;136;0.0160327
54;75;55;34;136;0.0168473
54;73;55;72;136;0.0158266
54;74;55;72;136;0.0158563
54;53;56;25;137;0.016051
54;3;56;0;137;0.0169087
54;33;56;18;137;0.0169225
54;25;56;18;137;0.0159139
54;34;55;60;136;0.0151975
54;58;55;65;136;0.0179035
54;1;56;20;137;0.0104676
54;60;55;62;136;0.0126927
54;4;56;6;137;0.0103501
54;63;55;64;136;0.011978
54;66;55;41;136;0.00622793
54;7;56;44;137;0.00791685
54;6;56;7;137;0.00803825
54;65;55;64;136;0.0126904
54;20;56;9;137;0.00714648
54;67;55;66;136;0.00754539
54;8;56;6;137;0.00880134
54;9;56;44;137;0.00494379
54;68;55;66;136;0.00749443
54;41;55;42;136;0.00593283
54;21;56;40;137;0.00656609
54;17;56;22;137;0.0070198
54;46;56;27;137;0.00752305
54;15;56;17;137;0.0103826
54;44;56;27;137;0.0047667
54;43;56;56;137;0.00294506
54;45;56;43;137;0.00355031
54;36;56;43;137;0.00868904
54;39;55;42;136;0.0056652
54;10;56;13;137;0.00878339
54;69;55;16;136;0.0106093
54;55;55;54;136;0.000839546
54;26;56;45;137;0.00379751
54;42;55;55;136;0.00475032
54;13;56;26;137;0.004402
54;72;55;70;136;0.0144984
54;56;56;54;137;0.00106864
54;27;56;45;137;0.00463349
54;40;56;13;137;0.00467528
54;22;56;27;137;0.00482083
54;71;55;68;136;0.0104931
54;12;56;36;137;0.0090015
54;50;56;46;137;0.011481
54;16;55;67;136;0.00913477
54;47;56;7;137;0.00875452
54;48;56;7;137;0.00915574
54;49;56;7;137;0.00911849
54;11;56;10;137;0.0120208
54;70;55;71;136;0.0116306
54;14;56;8;137;0.0102598
54;30;56;12;137;0.0125152
54;52;56;49;137;0.0102797
54;37;55;16;136;0.0100425
54;51;56;48;137;0.010291
54;29;55;37;136;0.0126673
54;64;55;37;136;0.0116383
54;62;55;37;136;0.0114461
54;19;56;14;137;0.0124179
54;0;56;4;137;0.013629
54;18;56;15;137;0.0136251
54;38;56;1;137;0.0137499
54;61;55;62;136;0.0118621
54;2;56;19;137;0.0157198
54;28;55;29;136;0.0141259
20;76;1;59;152;0.0156217
20;59;1;58;152;0.0152027
20;57;1;58;152;0.0152588
20;32;1;31;152;0.0128004
20;75;1;34;152;0.013479
20;73;1;72;152;0.0125648
20;74;1;72;152;0.0125945
20;31;1;34;152;0.0126644
20;35;1;33;152;0.0117845
20;30;17;12;149;0.0131454
20;34;1;60;152;0.0118291
20;58;1;65;152;0.0145351
20;28;1;29;152;0.0107575
20;23;1;25;152;0.00915244
20;24;1;53;152;0.00910314
20;5;4;2;150;0.0109968
20;72;1;70;152;0.0112366
20;12;17;10;149;0.00963168
20;43;9;45;151;0.00420142
20;18;1;15;152;0.00668887
20;66;17;41;149;0.00362421
20;7;9;6;151;0.00546407
20;19;4;4;150;0.00536804
20;0;4;4;150;0.00649029
20;13;17;40;149;0.00389605
20;42;17;39;149;0.00379099
20;41;17;39;149;0.0033291
20;16;1;15;152;0.00576644
20;45;9;27;151;0.00359617
20;27;9;44;151;0.00251299
20;46;9;44;151;0.00529563
20;17;17;20;149;0.000140631
20;4;4;20;150;0.00321138
20;63;1;64;152;0.0086097
20;67;17;66;149;0.00494166
20;8;9;6;151;0.00610577
20;38;1;1;152;0.00660346
20;9;9;20;151;0.00220269
20;68;17;66;149;0.00489071
20;22;9;9;151;0.00233035
20;1;1;20;152;0.00332115
20;60;1;62;152;0.00932433
20;40;17;21;149;0.00362277
20;21;17;17;149;0.00173196
20;39;17;21;149;0.0028761
20;26;9;22;151;0.00340751
20;15;1;1;152;0.00344635
20;44;9;9;151;0.00237979
20;6;9;9;151;0.00534267
20;65;1;64;152;0.00932207
20;55;9;56;151;0.00674413
20;10;17;13;149;0.00827745
20;69;1;16;152;0.00724096
20;56;9;43;151;0.00607784
20;36;17;12;149;0.00994414
20;71;1;69;152;0.00762801
20;50;9;51;151;0.00910985
20;14;4;19;150;0.00752618
20;2;4;19;150;0.0086699
20;61;1;62;152;0.00849381
20;47;9;7;151;0.00630174
20;48;9;7;151;0.00670296
20;49;9;7;151;0.00666571
20;37;1;16;152;0.00667414
20;54;9;56;151;0.00714648
20;3;4;0;150;0.00976992
20;62;1;37;152;0.00807776
20;53;1;38;152;0.0089544
20;52;9;49;151;0.00782688
20;29;1;37;152;0.00929896
20;64;1;37;152;0.00826996
20;25;1;18;152;0.00897771
20;33;1;18;152;0.00998627
20;51;9;48;151;0.00783819
20;70;1;69;152;0.00836875
20;11;17;10;149;0.0115149
73;49;72;7;204;0.0192305
73;48;72;7;204;0.0192678
73;47;72;7;204;0.0188665
73;8;72;6;204;0.0186706
73;36;72;12;204;0.0175961
73;76;72;59;204;0.0166536
73;35;72;33;204;0.0174565
73;59;72;58;204;0.0162346
73;57;72;58;204;0.0162907
73;56;72;55;204;0.0156534
73;54;72;55;204;0.0158266
73;7;72;6;204;0.0180289
73;46;72;27;204;0.0177571
73;24;72;53;204;0.0149356
73;63;72;64;204;0.00964161
73;4;72;0;204;0.015713
73;65;72;64;204;0.010354
73;6;72;9;204;0.0179075
73;20;72;1;204;0.0125648
73;18;72;15;204;0.012361
73;17;72;15;204;0.0124812
73;1;72;15;204;0.00924364
73;60;72;62;204;0.0103562
73;61;72;62;204;0.00952571
73;2;72;0;204;0.0146455
73;62;72;37;204;0.00910966
73;3;72;0;204;0.0157137
73;72;72;73;204;0.00132822
73;13;72;40;204;0.013608
73;41;72;66;204;0.00989382
73;70;72;72;204;0.00419604
73;11;72;29;204;0.012692
73;42;72;41;204;0.0110763
73;71;72;70;204;0.00533355
73;12;72;10;204;0.0172837
73;69;72;70;204;0.00532383
73;10;72;11;204;0.0159294
73;74;74;73;203;0.000372824
73;15;72;16;204;0.00911844
73;16;72;69;204;0.00679835
73;75;72;34;204;0.0145109
73;39;72;41;204;0.0103468
73;68;72;71;204;0.00833222
73;9;72;20;204;0.0147675
73;0;72;1;204;0.0124341
73;29;72;37;204;0.0103309
73;38;72;18;204;0.0124883
73;67;72;16;204;0.00838773
73;66;72;68;204;0.00959872
73;37;72;16;204;0.00770604
73;64;72;37;204;0.00930186
73;5;72;2;204;0.0169724
73;28;72;29;204;0.0117894
73;21;72;39;204;0.011491
73;40;72;39;204;0.0133347
73;58;72;65;204;0.015567
73;34;72;60;204;0.012861
73;55;72;42;204;0.0149871
73;25;72;18;204;0.0146498
73;33;72;18;204;0.0156584
73;22;72;17;204;0.0146802
73;53;72;25;204;0.0147869
73;30;72;11;204;0.0143451
73;31;72;34;204;0.0136963
73;26;72;13;204;0.0142125
73;32;72;31;204;0.0138323
73;45;72;26;204;0.0144597
73;43;72;45;204;0.0150649
73;27;72;22;204;0.0148675
73;19;72;4;204;0.0178697
73;23;72;25;204;0.0148245
73;44;72;9;204;0.0149446
41;76;66;59;178;0.0130572
41;35;66;33;178;0.0138601
41;59;66;58;178;0.0126382
41;57;66;58;178;0.0126943
41;24;66;53;178;0.0113392
41;23;66;25;178;0.0112281
41;5;66;2;178;0.013376
41;32;66;31;178;0.0102359
41;51;39;48;180;0.0111506
41;52;39;49;180;0.0111393
41;31;66;34;178;0.0100999
41;75;66;34;178;0.0109145
41;30;66;11;178;0.0107487
41;53;66;25;178;0.0111905
41;3;66;0;178;0.0121173
41;49;39;7;180;0.00997813
41;48;39;7;180;0.0100154
41;47;39;7;180;0.00961416
41;43;39;45;180;0.00517112
41;64;66;37;178;0.00570545
41;29;66;37;178;0.00673446
41;1;66;15;178;0.00564724
41;60;66;62;178;0.00675983
41;62;66;37;178;0.00551325
41;4;39;20;180;0.00654048
41;63;66;64;178;0.0060452
41;15;66;16;178;0.00552203
41;74;66;72;178;0.0099235
41;22;39;17;180;0.00538744
41;70;66;71;178;0.00569778
41;11;66;29;178;0.00909561
41;9;39;22;180;0.00551511
41;68;66;66;178;0.00156161
41;67;66;66;178;0.00161256
41;8;39;6;180;0.00941819
41;37;66;16;178;0.00410964
41;66;66;41;178;0.000295103
41;7;39;6;180;0.00877649
41;69;66;16;178;0.00467646
41;10;39;13;180;0.00809558
41;40;39;39;180;0.00344091
41;26;39;13;180;0.00431868
41;55;42;42;179;0.00509328
41;45;39;26;180;0.00456587
41;16;66;67;178;0.00320194
41;39;39;41;180;0.000452999
41;21;39;39;180;0.00159714
41;13;39;40;180;0.00371419
41;72;66;70;178;0.0085656
41;42;42;41;179;0.00118251
41;71;66;68;178;0.00456027
41;12;39;10;180;0.00944981
41;17;39;21;180;0.00318847
41;20;39;17;180;0.0033291
41;27;39;22;180;0.00557478
41;54;42;55;179;0.00593283
41;56;42;55;179;0.00575957
41;36;39;12;180;0.00976228
41;61;66;62;178;0.0059293
41;2;66;0;178;0.0110491
41;44;39;9;180;0.0056922
41;6;39;9;180;0.00865509
41;65;66;64;178;0.00675757
41;18;66;15;178;0.00876455
41;46;39;27;180;0.00846434
41;0;66;1;178;0.00883767
41;38;66;18;178;0.00889194
41;19;39;4;180;0.00869714
41;28;66;29;178;0.00819303
41;58;66;65;178;0.0119706
41;34;66;60;178;0.00926462
41;50;39;46;180;0.0124222
41;73;66;72;178;0.00989382
41;14;39;19;180;0.0108553
41;25;66;18;178;0.0110534
41;33;66;18;178;0.0120619
74;49;72;7;208;0.0192602
74;48;72;7;208;0.0192974
74;47;72;7;208;0.0188962
74;8;72;6;208;0.0187002
74;36;72;12;208;0.0176258
74;76;72;59;208;0.0166833
74;35;72;33;208;0.0174862
74;59;72;58;208;0.0162643
74;57;72;58;208;0.0163203
74;56;72;55;208;0.0156831
74;54;72;55;208;0.0158563
74;7;72;6;208;0.0180585
74;46;72;27;208;0.0177868
74;24;72;53;208;0.0149653
74;63;72;64;208;0.00967128
74;4;72;0;208;0.0157427
74;65;72;64;208;0.0103836
74;6;72;9;208;0.0179371
74;20;72;1;208;0.0125945
74;18;72;15;208;0.0123906
74;17;72;15;208;0.0125109
74;1;72;15;208;0.00927331
74;60;72;62;208;0.0103859
74;61;72;62;208;0.00955538
74;2;72;0;208;0.0146752
74;62;72;37;208;0.00913933
74;3;72;0;208;0.0157434
74;72;72;74;208;0.0013579
74;13;72;40;208;0.0136377
74;41;72;66;208;0.0099235
74;70;72;72;208;0.00422571
74;11;72;29;208;0.0127217
74;42;72;41;208;0.011106
74;71;72;70;208;0.00536323
74;12;72;10;208;0.0173133
74;69;72;70;208;0.0053535
74;10;72;11;208;0.0159591
74;15;72;16;208;0.00914811
74;16;72;69;208;0.00682802
74;75;72;34;208;0.0145406
74;39;72;41;208;0.0103765
74;68;72;71;208;0.00836189
74;9;72;20;208;0.0147972
74;0;72;1;208;0.0124638
74;29;72;37;208;0.0103605
74;73;73;74;209;0.000372824
74;38;72;18;208;0.012518
74;67;72;16;208;0.0084174
74;66;72;68;208;0.00962839
74;37;72;16;208;0.00773572
74;64;72;37;208;0.00933153
74;5;72;2;208;0.0170021
74;28;72;29;208;0.0118191
74;21;72;39;208;0.0115206
74;40;72;39;208;0.0133644
74;58;72;65;208;0.0155967
74;34;72;60;208;0.0128907
74;55;72;42;208;0.0150168
74;25;72;18;208;0.0146795
74;33;72;18;208;0.015688
74;22;72;17;208;0.0147099
74;53;72;25;208;0.0148165
74;30;72;11;208;0.0143748
74;31;72;34;208;0.0137259
74;26;72;13;208;0.0142422
74;32;72;31;208;0.0138619
74;45;72;26;208;0.0144894
74;43;72;45;208;0.0150946
74;27;72;22;208;0.0148972
74;19;72;4;208;0.0178993
74;23;72;25;208;0.0148542
74;44;72;9;208;0.0149743
42;76;41;59;175;0.0142397
42;35;41;33;175;0.0150426
42;59;41;58;175;0.0138207
42;57;41;58;175;0.0138768
42;24;41;53;175;0.0125217
42;23;41;25;175;0.0124106
42;5;41;2;175;0.0145585
42;32;41;31;175;0.0114184
42;51;39;48;177;0.0116125
42;31;41;34;175;0.0112824
42;75;41;34;175;0.012097
42;52;39;49;177;0.0116012
42;53;41;25;175;0.012373
42;3;41;0;175;0.0132998
42;33;41;18;175;0.0132445
42;25;41;18;175;0.0122359
42;30;41;11;175;0.0119312
42;73;41;72;175;0.0110763
42;29;41;37;175;0.00791697
42;43;39;45;177;0.00563301
42;27;39;22;177;0.00603666
42;56;55;55;176;0.00457706
42;54;55;55;176;0.00475032
42;1;41;15;175;0.00682975
42;60;41;62;175;0.00794234
42;4;39;20;177;0.00700237
42;63;41;64;175;0.00722771
42;15;41;16;175;0.00670455
42;74;41;72;175;0.011106
42;22;39;17;177;0.00584933
42;26;39;13;177;0.00478056
42;55;55;42;176;0.00391077
42;45;39;26;177;0.00502776
42;16;41;67;175;0.00438445
42;41;41;42;175;0.00118251
42;9;39;22;177;0.00597699
42;68;41;66;175;0.00274412
42;67;41;66;175;0.00279507
42;8;39;6;177;0.00988007
42;10;39;13;177;0.00855747
42;69;41;16;175;0.00585897
42;39;39;42;177;0.000914884
42;21;39;39;177;0.00205903
42;40;39;39;177;0.00390279
42;37;41;16;175;0.00529215
42;66;41;41;175;0.00147761
42;7;39;6;177;0.00923838
42;17;39;21;177;0.00365036
42;13;39;40;177;0.00417607
42;72;41;70;175;0.00974811
42;71;41;68;175;0.00574278
42;12;39;10;177;0.0099117
42;20;39;17;177;0.00379099
42;64;41;37;175;0.00688796
42;62;41;37;175;0.00669576
42;36;39;12;177;0.0102242
42;70;41;71;175;0.00688029
42;11;41;29;175;0.0102781
42;44;39;9;177;0.00615409
42;6;39;9;177;0.00911698
42;65;41;64;175;0.00794008
42;46;39;27;177;0.00892623
42;61;41;62;175;0.00711181
42;2;41;0;175;0.0122316
42;18;41;15;175;0.00994707
42;0;41;1;175;0.0100202
42;38;41;18;175;0.0100744
42;19;39;4;177;0.00915903
42;28;41;29;175;0.00937554
42;58;41;65;175;0.0131531
42;34;41;60;175;0.0104471
42;50;39;46;177;0.0128841
42;14;39;19;177;0.0113172
42;47;39;7;177;0.010076
42;48;39;7;177;0.0104773
42;49;39;7;177;0.01044
11;51;10;48;42;0.0150636
11;52;10;49;42;0.0150523
11;24;29;53;43;0.0140309
11;35;29;33;43;0.0155469
11;23;29;25;43;0.0139198
11;19;10;4;42;0.0168829
11;5;29;2;43;0.0160677
11;76;29;59;43;0.0139336
11;14;10;8;42;0.0147897
11;59;29;58;43;0.0135145
11;57;29;58;43;0.0135706
11;49;10;7;42;0.0138911
11;48;10;7;42;0.0139284
11;47;10;7;42;0.0135272
11;8;10;6;42;0.0133312
11;50;10;46;42;0.0163353
11;53;29;25;43;0.0138822
11;3;29;0;43;0.014809
11;21;10;40;42;0.0097829
11;26;10;13;42;0.0082233
11;34;29;60;43;0.010141
11;63;29;64;43;0.00692154
11;4;10;20;42;0.0147262
11;60;29;62;43;0.00763617
11;1;29;15;43;0.00833896
11;61;29;62;43;0.00680564
11;2;29;0;43;0.0137408
11;67;29;16;43;0.00748305
11;15;29;16;43;0.00821376
11;74;29;72;43;0.0127217
11;40;10;13;42;0.00789209
11;69;29;16;43;0.00736819
11;10;10;11;42;0.00323741
11;70;29;69;43;0.00849598
11;66;29;67;43;0.00880051
11;7;10;6;42;0.0126895
11;37;29;29;43;0.00498598
11;68;29;67;43;0.00777991
11;9;10;22;42;0.00942812
11;65;29;64;43;0.00763391
11;6;10;9;42;0.0125681
11;36;10;12;42;0.00490411
11;62;29;37;43;0.00638959
11;58;29;65;43;0.012847
11;29;29;11;43;0.00236116
11;16;29;37;43;0.00589367
11;75;29;34;43;0.0117908
11;30;30;11;44;0.00165311
11;43;10;45;42;0.00907574
11;12;10;10;42;0.00459164
11;71;29;69;43;0.00775524
11;64;29;37;43;0.00658179
11;28;29;29;43;0.00381973
11;13;10;10;42;0.00761881
11;72;29;70;43;0.0113638
11;39;29;41;43;0.00954861
11;17;10;21;42;0.0113742
11;18;29;15;43;0.0114563
11;22;10;26;42;0.00930045
11;45;10;26;42;0.00847049
11;0;29;1;43;0.0115294
11;38;29;18;43;0.0115837
11;20;10;17;42;0.0115149
11;27;10;22;42;0.00948779
11;41;29;66;43;0.00909561
11;56;10;43;42;0.0109522
11;42;29;41;43;0.0102781
11;44;10;9;42;0.00960522
11;46;10;27;42;0.0123774
11;31;29;34;43;0.0109762
11;55;10;56;42;0.0116185
11;54;10;56;42;0.0120208
11;32;29;31;43;0.0111122
11;33;29;31;43;0.0137487
11;73;29;72;43;0.012692
11;25;29;18;43;0.0137451
65;51;64;48;174;0.0171603
65;52;64;49;174;0.0171489
65;49;64;7;174;0.0159878
65;48;64;7;174;0.016025
65;47;64;7;174;0.0156238
65;8;64;6;174;0.0154278
65;14;64;19;174;0.0167851
65;50;64;51;174;0.0184319
65;36;64;12;174;0.012538
65;56;64;55;174;0.0125171
65;54;64;55;174;0.0126904
65;7;64;6;174;0.0147861
65;46;64;27;174;0.0145144
65;24;64;53;174;0.0116929
65;6;64;9;174;0.0146647
65;44;64;9;174;0.0117019
65;23;64;25;174;0.0115818
65;19;64;4;174;0.0146269
65;20;64;1;174;0.00932207
65;76;58;59;172;0.00629964
65;17;64;15;174;0.0092385
65;18;64;15;174;0.00911824
65;1;64;15;174;0.00600092
65;60;63;61;173;0.00525994
65;59;58;58;172;0.00588062
65;0;64;1;174;0.00919135
65;28;64;29;174;0.00673132
65;57;58;58;172;0.0059367
65;68;64;67;174;0.00544186
65;9;64;20;174;0.0115248
65;71;64;69;174;0.00541719
65;12;64;10;174;0.0122255
65;70;64;69;174;0.00615793
65;11;64;29;174;0.00763391
65;34;63;60;173;0.00776474
65;63;63;65;173;0.00103154
65;4;64;0;174;0.0124703
65;66;64;67;174;0.00646246
65;37;64;64;174;0.00264793
65;64;64;65;174;0.00105211
65;5;64;2;174;0.0137297
65;61;63;63;173;0.00420555
65;2;64;0;174;0.0114028
65;58;58;65;172;0.00521307
65;29;64;37;174;0.00527275
65;16;64;37;174;0.00355562
65;75;63;34;173;0.00941459
65;62;64;37;174;0.00405155
65;3;64;0;174;0.012471
65;15;64;16;174;0.00587572
65;74;64;72;174;0.0103836
65;38;64;18;174;0.00924562
65;67;64;16;174;0.005145
65;69;64;16;174;0.00503014
65;10;64;11;174;0.0108713
65;72;64;70;174;0.00902575
65;13;64;40;174;0.0104718
65;41;64;66;174;0.00675757
65;42;64;41;174;0.00794008
65;39;64;41;174;0.00721056
65;21;64;39;174;0.00835471
65;40;64;39;174;0.0101985
65;30;64;11;174;0.00928701
65;31;63;34;173;0.00859998
65;55;64;42;174;0.0118508
65;32;63;31;173;0.00873597
65;33;63;31;173;0.0113725
65;73;64;72;174;0.010354
65;25;64;18;174;0.0114071
65;22;64;17;174;0.0114375
65;53;64;25;174;0.0115441
65;26;64;13;174;0.0110762
65;45;64;26;174;0.0113234
65;43;64;45;174;0.0119287
65;27;64;22;174;0.0116248
65;35;63;33;173;0.0131707
31;49;34;7;47;0.0193301
31;48;34;7;47;0.0193673
31;47;34;7;47;0.0189661
31;8;34;6;47;0.0187701
31;36;34;12;47;0.0158803
31;56;34;55;47;0.0158594
31;54;34;55;47;0.0160327
31;7;34;6;47;0.0181284
31;46;34;27;47;0.0178567
31;6;34;9;47;0.018007
31;44;34;9;47;0.0150442
31;19;34;4;47;0.0179692
31;5;34;2;47;0.017072
31;27;34;22;47;0.0149671
31;68;34;67;47;0.00878416
31;9;34;20;47;0.0148671
31;71;34;69;47;0.00875949
31;12;34;10;47;0.0155678
31;70;34;69;47;0.00950023
31;11;34;29;47;0.0109762
31;23;33;25;46;0.00853347
31;65;34;63;47;0.00859998
31;69;34;16;47;0.00837244
31;10;34;11;47;0.0142136
31;1;34;15;47;0.00934321
31;60;34;34;47;0.00334003
31;24;33;53;46;0.00864455
31;53;33;25;46;0.00849581
31;25;33;18;46;0.00835875
31;15;34;16;47;0.00921801
31;74;34;72;47;0.0137259
31;67;34;16;47;0.0084873
31;38;33;18;46;0.00619729
31;16;34;37;47;0.00689792
31;75;32;32;45;0.00105617
31;18;33;33;46;0.00606991
31;33;33;31;46;0.00277251
31;62;34;60;47;0.00458661
31;3;34;0;47;0.0158133
31;64;34;37;47;0.00758604
31;35;33;33;46;0.0045707
31;32;32;31;45;0.000135997
31;61;34;60;47;0.00439442
31;2;34;0;47;0.0147451
31;34;34;31;47;0.000835238
31;63;34;61;47;0.00756844
31;4;34;0;47;0.0158126
31;66;34;67;47;0.00980476
31;37;34;62;47;0.00599023
31;29;34;37;47;0.00861504
31;58;34;65;47;0.013813
31;28;34;29;47;0.0100736
31;17;34;15;47;0.0125808
31;76;34;59;47;0.0148996
31;0;34;1;47;0.0125337
31;59;34;58;47;0.0144806
31;20;34;1;47;0.0126644
31;72;34;70;47;0.012368
31;13;34;40;47;0.0138141
31;41;34;66;47;0.0100999
31;42;34;41;47;0.0112824
31;39;34;41;47;0.0105529
31;21;34;39;47;0.011697
31;40;34;39;47;0.0135408
31;30;34;11;47;0.0126293
31;55;34;42;47;0.0151931
31;73;34;72;47;0.0136963
31;22;34;17;47;0.0147798
31;57;34;58;47;0.0145367
31;26;34;13;47;0.0144185
31;45;34;26;47;0.0146657
31;43;34;45;47;0.015271
66;76;67;59;199;0.0127621
66;35;67;33;199;0.013565
66;59;67;58;199;0.0123431
66;57;67;58;199;0.0123992
66;24;67;53;199;0.0110441
66;23;67;25;199;0.010933
66;5;67;2;199;0.0130809
66;51;41;48;198;0.0114457
66;52;41;49;198;0.0114344
66;32;67;31;199;0.00994076
66;49;41;7;198;0.0102732
66;48;41;7;198;0.0103105
66;47;41;7;198;0.00990926
66;14;41;19;198;0.0111504
66;31;67;34;199;0.00980476
66;75;67;34;199;0.0106194
66;8;41;6;198;0.00971329
66;30;67;11;199;0.0104536
66;43;41;45;198;0.00546623
66;64;67;37;199;0.00541035
66;29;67;37;199;0.00643935
66;1;67;15;199;0.00535213
66;60;67;62;199;0.00646473
66;62;67;37;199;0.00521815
66;3;67;0;199;0.0118222
66;4;41;20;198;0.00683558
66;63;67;64;199;0.0057501
66;22;41;17;198;0.00568255
66;20;41;17;198;0.00362421
66;37;67;16;199;0.00381453
66;7;41;6;198;0.00907159
66;69;67;16;199;0.00438136
66;10;41;13;198;0.00839069
66;40;41;39;198;0.00373601
66;45;41;26;198;0.00486097
66;16;67;67;199;0.00290684
66;26;41;13;198;0.00461378
66;55;41;42;198;0.00538838
66;70;68;71;197;0.00540268
66;11;67;29;199;0.00880051
66;41;41;66;198;0.000295103
66;9;41;22;198;0.00581021
66;68;68;66;197;0.0012665
66;67;67;66;199;0.00131746
66;15;67;16;199;0.00522693
66;74;68;72;197;0.00962839
66;39;41;41;198;0.000748102
66;21;41;39;198;0.00189224
66;13;41;40;198;0.00400929
66;72;68;70;197;0.00827049
66;42;41;41;198;0.00147761
66;71;68;68;197;0.00426517
66;12;41;10;198;0.00974491
66;17;41;21;198;0.00348357
66;27;41;22;198;0.00586988
66;61;67;62;199;0.0056342
66;2;67;0;199;0.010754
66;18;67;15;199;0.00846945
66;0;67;1;199;0.00854257
66;38;67;18;199;0.00859683
66;54;41;55;198;0.00622793
66;56;41;55;198;0.00605467
66;65;67;64;199;0.00646246
66;6;41;9;198;0.00895019
66;36;41;12;198;0.0100574
66;44;41;9;198;0.00598731
66;46;41;27;198;0.00875945
66;28;67;29;199;0.00789792
66;58;67;65;199;0.0116755
66;34;67;60;199;0.00896952
66;19;41;4;198;0.00899225
66;73;68;72;197;0.00959872
66;25;67;18;199;0.0107583
66;33;67;18;199;0.0117668
66;53;67;25;199;0.0108954
66;50;41;46;198;0.0127174
32;49;31;7;212;0.0194661
32;48;31;7;212;0.0195033
32;47;31;7;212;0.0191021
32;8;31;6;212;0.0189061
32;36;31;12;212;0.0160163
32;56;31;55;212;0.0159954
32;54;31;55;212;0.0161687
32;7;31;6;212;0.0182644
32;46;31;27;212;0.0179927
32;6;31;9;212;0.018143
32;44;31;9;212;0.0151801
32;19;31;4;212;0.0181052
32;5;31;2;212;0.017208
32;27;31;22;212;0.0151031
32;68;31;67;212;0.00892015
32;9;31;20;212;0.015003
32;71;31;69;212;0.00889548
32;12;31;10;212;0.0157038
32;70;31;69;212;0.00963623
32;11;31;29;212;0.0111122
32;23;31;25;212;0.00866947
32;65;31;63;212;0.00873597
32;69;31;16;212;0.00850843
32;10;31;11;212;0.0143496
32;1;31;15;212;0.00947921
32;60;31;34;212;0.00347603
32;24;31;53;212;0.00878055
32;53;31;25;212;0.0086318
32;25;31;18;212;0.00849474
32;15;31;16;212;0.00935401
32;74;31;72;212;0.0138619
32;67;31;16;212;0.0086233
32;38;31;18;212;0.00633329
32;16;31;37;212;0.00703392
32;75;75;32;213;0.000920177
32;18;31;33;212;0.00620591
32;62;31;60;212;0.0047226
32;3;31;0;212;0.0159493
32;33;31;31;212;0.00290851
32;31;31;32;212;0.000135997
32;64;31;37;212;0.00772204
32;35;31;33;212;0.0047067
32;61;31;60;212;0.00453042
32;2;31;0;212;0.014881
32;34;31;31;212;0.000971234
32;63;31;61;212;0.00770443
32;4;31;0;212;0.0159486
32;66;31;67;212;0.00994076
32;37;31;62;212;0.00612622
32;29;31;37;212;0.00875104
32;58;31;65;212;0.013949
32;28;31;29;212;0.0102096
32;17;31;15;212;0.0127168
32;76;31;59;212;0.0150356
32;0;31;1;212;0.0126696
32;59;31;58;212;0.0146166
32;20;31;1;212;0.0128004
32;72;31;70;212;0.012504
32;13;31;40;212;0.01395
32;41;31;66;212;0.0102359
32;42;31;41;212;0.0114184
32;39;31;41;212;0.0106889
32;21;31;39;212;0.011833
32;40;31;39;212;0.0136768
32;30;31;11;212;0.0127653
32;55;31;42;212;0.0153291
32;73;31;72;212;0.0138323
32;22;31;17;212;0.0149158
32;57;31;58;212;0.0146727
32;26;31;13;212;0.0145545
32;45;31;26;212;0.0148017
32;43;31;45;212;0.015407
38;76;18;59;125;0.0155453
38;59;18;58;125;0.0151262
38;57;18;58;125;0.0151823
38;51;1;48;127;0.0144416
38;52;1;49;127;0.0144303
38;12;18;10;125;0.0161753
38;54;1;56;127;0.0137499
38;49;1;7;127;0.0132692
38;48;1;7;127;0.0133064
38;47;1;7;127;0.0129052
38;8;1;6;127;0.0127092
38;14;1;19;127;0.0140665
38;50;1;51;127;0.0157133
38;30;18;11;125;0.0132368
38;73;18;72;125;0.0124883
38;74;18;72;125;0.012518
38;36;18;12;125;0.0164878
38;56;1;43;127;0.0126813
38;21;18;17;125;0.00832402
38;34;18;31;125;0.00703253
38;3;1;0;127;0.00975238
38;62;18;37;125;0.00800131
38;32;18;31;125;0.00633329
38;69;18;16;125;0.00716451
38;10;18;11;125;0.0148211
38;37;18;16;125;0.00659769
38;2;1;0;127;0.00868415
38;61;18;62;125;0.00841735
38;31;18;33;125;0.00619729
38;64;18;37;125;0.0081935
38;5;1;2;127;0.0110111
38;35;18;33;125;0.00522297
38;9;1;20;127;0.00880615
38;68;18;67;125;0.00757623
38;67;18;16;125;0.00727937
38;25;18;18;125;0.00241622
38;18;18;38;125;0.000127382
38;1;1;38;127;0.00328231
38;60;18;62;125;0.00924788
38;15;18;18;125;0.0033699
38;4;1;0;127;0.00975165
38;63;18;64;125;0.00853325
38;33;18;18;125;0.00342478
38;20;1;1;127;0.00660346
38;53;53;38;126;0.00235094
38;24;53;53;126;0.00249968
38;23;18;25;125;0.00259095
38;29;18;37;125;0.00922251
38;0;1;1;127;0.00647274
38;16;18;15;125;0.00568999
38;75;18;32;125;0.00725346
38;17;18;15;125;0.00673269
38;22;18;17;125;0.00893166
38;70;18;69;125;0.0082923
38;11;18;29;125;0.0115837
38;71;18;69;125;0.00755156
38;66;18;67;125;0.00859683
38;7;1;6;127;0.0120675
38;65;18;64;125;0.00924562
38;6;1;9;127;0.0119461
38;72;18;70;125;0.0111601
38;13;18;40;125;0.0104881
38;39;18;41;125;0.00934494
38;40;18;21;125;0.0102148
38;41;18;66;125;0.00889194
38;19;1;4;127;0.0119083
38;44;1;9;127;0.00898324
38;42;18;41;125;0.0100744
38;26;18;22;125;0.0100088
38;27;1;44;127;0.00911645
38;46;1;44;127;0.0118991
38;45;1;27;127;0.0101996
38;28;18;29;125;0.0106811
38;58;18;65;125;0.0144587
38;55;1;56;127;0.0133476
38;43;1;45;127;0.0108049
12;24;10;53;52;0.0186226
12;23;10;25;52;0.0185115
12;76;10;59;52;0.0185252
12;59;10;58;52;0.0181062
12;57;10;58;52;0.0181623
12;53;10;25;52;0.0184738
12;3;10;0;52;0.0194007
12;25;10;18;52;0.0183368
12;73;10;72;52;0.0172837
12;74;10;72;52;0.0173133
12;33;10;31;52;0.0183404
12;32;10;31;52;0.0157038
12;2;10;19;52;0.0183016
12;31;10;34;52;0.0155678
12;75;10;34;52;0.0163825
12;72;10;70;52;0.0159554
12;54;36;56;54;0.0090015
12;6;10;9;52;0.0106849
12;65;10;64;52;0.0122255
12;44;10;9;52;0.00772203
12;20;10;17;52;0.00963168
12;46;10;27;52;0.0104942
12;17;10;21;52;0.00949104
12;9;10;22;52;0.00754493
12;68;10;66;52;0.0110114
12;37;10;29;52;0.00957762
12;28;10;29;52;0.00841137
12;22;10;26;52;0.00741727
12;27;10;22;52;0.00760461
12;56;36;43;54;0.00793286
12;41;10;39;52;0.00944981
12;71;10;69;52;0.0123469
12;7;10;6;52;0.0108063
12;66;10;41;52;0.00974491
12;36;36;12;54;0.000312465
12;30;30;12;53;0.00351369
12;43;36;36;54;0.00605644
12;42;10;39;52;0.0099117
12;13;10;10;52;0.00573562
12;55;36;56;54;0.00859916
12;26;10;13;52;0.00634011
12;10;10;12;52;0.00135423
12;69;10;16;52;0.0119598
12;39;10;40;52;0.00899681
12;29;10;11;52;0.0069528
12;11;10;10;52;0.00459164
12;70;10;69;52;0.0130876
12;40;10;13;52;0.0060089
12;21;10;40;52;0.00789971
12;45;10;26;52;0.00658731
12;15;10;16;52;0.0128054
12;16;10;37;52;0.0104853
12;64;10;37;52;0.0111734
12;62;10;37;52;0.0109812
12;4;10;20;52;0.0128431
12;63;10;64;52;0.0115132
12;1;10;15;52;0.0129306
12;60;10;62;52;0.0122278
12;67;10;66;52;0.0110624
12;8;10;6;52;0.011448
12;50;10;46;52;0.0144521
12;47;10;7;52;0.011644
12;48;10;7;52;0.0120452
12;49;10;7;52;0.012008
12;61;10;62;52;0.0113973
12;14;10;8;52;0.0129065
12;52;10;49;52;0.0131691
12;51;10;48;52;0.0131804
12;58;10;65;52;0.0174386
12;34;10;60;52;0.0147326
12;18;10;15;52;0.0160479
12;0;10;1;52;0.016121
12;19;10;4;52;0.0149997
12;38;10;18;52;0.0161753
67;51;66;48;183;0.0127632
67;52;66;49;183;0.0127519
67;76;16;59;181;0.0114446
67;35;16;33;181;0.0122476
67;49;66;7;183;0.0115907
67;48;66;7;183;0.0116279
67;47;66;7;183;0.0112267
67;59;16;58;181;0.0110256
67;57;16;58;181;0.0110817
67;14;66;19;183;0.0124678
67;8;66;6;183;0.0110307
67;50;66;46;183;0.0140348
67;24;16;53;181;0.00972663
67;23;16;25;181;0.00961556
67;5;16;2;181;0.0117634
67;12;66;10;183;0.0110624
67;32;16;31;181;0.0086233
67;19;66;4;183;0.0103097
67;72;16;70;181;0.0070595
67;13;66;40;183;0.00532675
67;63;16;64;181;0.00443264
67;4;66;20;183;0.00815304
67;65;16;64;181;0.005145
67;6;66;9;183;0.0102677
67;20;66;17;183;0.00494166
67;18;16;15;181;0.00715199
67;1;16;15;181;0.00403467
67;60;16;62;181;0.00514727
67;61;16;62;181;0.00431674
67;2;16;0;181;0.00943651
67;17;66;21;183;0.00480103
67;55;66;42;183;0.00670584
67;62;16;37;181;0.00390069
67;3;16;0;181;0.0105047
67;64;16;37;181;0.00409289
67;0;16;1;181;0.00722511
67;29;16;37;181;0.00512189
67;38;16;18;181;0.00727937
67;70;16;69;181;0.00419169
67;11;16;29;181;0.00748305
67;41;66;66;183;0.00161256
67;15;16;16;181;0.00390947
67;74;16;72;181;0.0084174
67;16;16;67;181;0.00158938
67;75;16;34;181;0.00930191
67;42;66;41;183;0.00279507
67;71;68;68;182;0.00329552
67;66;66;67;183;0.00131746
67;7;66;6;183;0.0103891
67;37;16;16;181;0.00249707
67;40;66;39;183;0.00505347
67;69;16;16;181;0.0030639
67;10;66;13;183;0.00970815
67;68;68;67;182;0.000296857
67;9;66;22;183;0.00712767
67;39;66;41;183;0.00206556
67;21;66;39;183;0.0032097
67;22;66;17;183;0.007
67;28;16;29;181;0.00658047
67;58;16;65;181;0.0103581
67;34;16;60;181;0.00765206
67;26;66;13;183;0.00593124
67;45;66;26;183;0.00617843
67;43;66;45;183;0.00678369
67;27;66;22;183;0.00718734
67;54;66;55;183;0.00754539
67;56;66;55;183;0.00737213
67;36;66;12;183;0.0113748
67;73;16;72;181;0.00838773
67;44;66;9;183;0.00730477
67;25;16;18;181;0.00944083
67;33;16;18;181;0.0104494
67;46;66;27;183;0.0100769
67;53;16;25;181;0.00957789
67;30;16;11;181;0.00913616
67;31;16;34;181;0.0084873
63;51;64;48;171;0.0164479
63;52;64;49;171;0.0164366
63;49;64;7;171;0.0152754
63;48;64;7;171;0.0153127
63;47;64;7;171;0.0149114
63;8;64;6;171;0.0147155
63;14;64;19;171;0.0160727
63;50;64;51;171;0.0177196
63;36;64;12;171;0.0118256
63;56;64;55;171;0.0118048
63;54;64;55;171;0.011978
63;7;64;6;171;0.0140738
63;46;64;27;171;0.013802
63;24;64;53;171;0.0109805
63;6;64;9;171;0.0139524
63;44;64;9;171;0.0109895
63;23;64;25;171;0.0108694
63;19;64;4;171;0.0139146
63;72;64;70;171;0.00831338
63;13;64;40;171;0.00975939
63;20;64;1;171;0.0086097
63;18;64;15;171;0.00840587
63;17;64;15;171;0.00852614
63;76;65;59;169;0.00733118
63;1;64;15;171;0.00528855
63;60;61;61;170;0.0042284
63;28;64;29;171;0.00601895
63;68;64;67;171;0.0047295
63;9;64;20;171;0.0108124
63;42;64;41;171;0.00722771
63;71;64;69;171;0.00470483
63;12;64;10;171;0.0115132
63;41;64;66;171;0.0060452
63;70;64;69;171;0.00544557
63;11;64;29;171;0.00692154
63;34;61;60;170;0.0067332
63;4;64;0;171;0.0117579
63;66;64;67;171;0.0057501
63;37;64;64;171;0.00193556
63;65;65;63;169;0.00103154
63;61;61;63;170;0.00317401
63;2;64;0;171;0.0106904
63;64;64;63;171;0.000339748
63;5;64;2;171;0.0130173
63;0;64;1;171;0.00847899
63;59;65;58;169;0.00691216
63;58;65;65;169;0.00624461
63;29;64;37;171;0.00456038
63;16;64;37;171;0.00284326
63;75;61;34;170;0.00838305
63;62;64;37;171;0.00333918
63;3;64;0;171;0.0117586
63;15;64;16;171;0.00516335
63;74;64;72;171;0.00967128
63;38;64;18;171;0.00853325
63;67;64;16;171;0.00443264
63;69;64;16;171;0.00431778
63;10;64;11;171;0.010159
63;39;64;41;171;0.0064982
63;57;65;58;169;0.00696824
63;21;64;39;171;0.00764234
63;40;64;39;171;0.00948611
63;31;61;34;170;0.00756844
63;30;64;11;171;0.00857465
63;55;64;42;171;0.0111385
63;32;61;31;170;0.00770443
63;33;61;31;170;0.010341
63;73;64;72;171;0.00964161
63;25;64;18;171;0.0106947
63;22;64;17;171;0.0107251
63;53;64;25;171;0.0108318
63;26;64;13;171;0.0103639
63;35;61;33;170;0.0121391
63;45;64;26;171;0.0106111
63;43;64;45;171;0.0112163
63;27;64;22;171;0.0109124
68;51;66;48;200;0.0127122
68;52;66;49;200;0.0127009
68;76;67;59;202;0.0117415
68;35;67;33;202;0.0125444
68;59;67;58;202;0.0113225
68;57;67;58;202;0.0113786
68;49;66;7;200;0.0115397
68;48;66;7;200;0.011577
68;47;66;7;200;0.0111758
68;14;66;19;200;0.0124169
68;8;66;6;200;0.0109798
68;50;66;46;200;0.0139839
68;24;67;53;202;0.0100235
68;23;67;25;202;0.00991241
68;5;67;2;202;0.0120603
68;12;66;10;200;0.0110114
68;32;67;31;202;0.00892015
68;19;66;4;200;0.0102587
68;63;67;64;202;0.0047295
68;4;66;20;200;0.00810209
68;65;67;64;202;0.00544186
68;6;66;9;200;0.0102167
68;20;66;17;200;0.00489071
68;18;67;15;202;0.00744885
68;1;67;15;202;0.00433153
68;60;67;62;202;0.00544412
68;61;67;62;202;0.0046136
68;2;67;0;202;0.00973337
68;72;71;70;201;0.00700399
68;13;66;40;200;0.00527579
68;17;66;21;200;0.00475008
68;62;67;37;202;0.00419755
68;3;67;0;202;0.0108016
68;64;67;37;202;0.00438975
68;0;67;1;202;0.00752197
68;29;67;37;202;0.00541875
68;55;66;42;200;0.00665489
68;16;67;67;202;0.00188624
68;75;67;34;202;0.00959877
68;42;66;41;200;0.00274412
68;71;71;68;201;0.00299866
68;38;67;18;202;0.00757623
68;67;67;68;202;0.000296857
68;70;71;71;201;0.00413618
68;11;67;29;202;0.00777991
68;41;66;66;200;0.00156161
68;15;67;16;202;0.00420633
68;74;71;72;201;0.00836189
68;9;66;22;200;0.00707671
68;39;66;41;200;0.0020146
68;66;66;68;200;0.0012665
68;7;66;6;200;0.0103381
68;37;67;16;202;0.00279393
68;40;66;39;200;0.00500251
68;69;67;16;202;0.00336075
68;10;66;13;200;0.00965719
68;21;66;39;200;0.00315875
68;22;66;17;200;0.00694905
68;26;66;13;200;0.00588028
68;28;67;29;202;0.00687732
68;58;67;65;202;0.0106549
68;34;67;60;202;0.00794892
68;45;66;26;200;0.00612748
68;43;66;45;200;0.00673273
68;27;66;22;200;0.00713638
68;54;66;55;200;0.00749443
68;56;66;55;200;0.00732118
68;36;66;12;200;0.0113239
68;73;71;72;201;0.00833222
68;44;66;9;200;0.00725381
68;46;66;27;200;0.0100259
68;25;67;18;202;0.00973769
68;33;67;18;202;0.0107462
68;53;67;25;202;0.00987475
68;30;67;11;202;0.00943302
68;31;67;34;202;0.00878416
13;76;40;59;74;0.0167714
13;59;40;58;74;0.0163524
13;57;40;58;74;0.0164085
13;32;40;31;74;0.01395
13;35;40;33;74;0.0154563
13;31;40;34;74;0.0138141
13;75;40;34;74;0.0146287
13;24;40;53;74;0.0129354
13;23;40;25;74;0.0128243
13;5;40;2;74;0.0148929
13;73;40;72;74;0.013608
13;74;40;72;74;0.0136377
13;53;40;25;74;0.0127866
13;34;40;60;74;0.0129788
13;58;40;65;74;0.0156848
13;3;40;0;74;0.013666
13;33;40;18;74;0.0136581
13;25;40;18;74;0.0126496
13;1;40;20;74;0.0072172
13;60;40;62;74;0.010474
13;4;40;20;74;0.00710743
13;63;40;64;74;0.00975939
13;66;40;41;74;0.00400929
13;7;26;6;75;0.00507069
13;54;26;56;75;0.004402
13;41;40;39;74;0.00371419
13;6;26;9;75;0.00494929
13;65;40;64;74;0.0104718
13;15;40;17;74;0.00711821
13;44;26;9;75;0.00198641
13;20;40;17;74;0.00389605
13;46;26;27;75;0.00475855
13;17;40;21;74;0.00375542
13;42;40;39;74;0.00417607
13;72;40;70;74;0.0122798
13;55;26;56;75;0.00399965
13;26;26;13;75;0.000604489
13;40;40;13;74;0.00027328
13;68;40;66;74;0.00527579
13;9;26;22;75;0.00180931
13;39;40;40;74;0.00326119
13;10;10;13;76;0.0043814
13;69;40;16;74;0.00839065
13;36;10;12;76;0.00604809
13;21;40;40;74;0.00216409
13;22;26;26;75;0.00168165
13;67;40;66;74;0.00532675
13;8;26;6;75;0.00571239
13;45;26;26;75;0.000851683
13;43;26;45;75;0.00145693
13;27;26;22;75;0.00186898
13;56;26;43;75;0.00333336
13;11;10;10;76;0.00761881
13;70;40;71;74;0.00941197
13;12;10;10;76;0.00573562
13;71;40;68;74;0.00827446
13;50;26;46;75;0.00871645
13;47;26;7;75;0.00590836
13;48;26;7;75;0.00630958
13;49;26;7;75;0.00627233
13;16;40;67;74;0.00691613
13;14;26;8;75;0.00717086
13;30;10;12;76;0.00924931
13;52;26;49;75;0.0074335
13;51;26;48;75;0.00744481
13;37;40;16;74;0.00782382
13;0;40;4;74;0.0103863
13;19;40;4;74;0.00926409
13;18;40;15;74;0.0103607
13;38;40;18;74;0.0104881
13;29;10;11;76;0.00997997
13;64;40;37;74;0.00941964
13;62;40;37;74;0.00922744
13;61;40;62;74;0.00964349
13;2;40;19;74;0.012566
13;28;10;29;76;0.0114385
15;76;16;59;14;0.0121754
15;59;16;58;14;0.0117563
15;57;16;58;14;0.0118124
15;51;1;48;15;0.0112845
15;52;1;49;15;0.0112732
15;12;16;10;14;0.0128054
15;54;17;56;16;0.0103826
15;32;16;31;14;0.00935401
15;49;1;7;15;0.0101121
15;48;1;7;15;0.0101493
15;47;1;7;15;0.00974809
15;8;1;6;15;0.00955212
15;14;1;19;15;0.0109093
15;50;1;51;15;0.0125562
15;75;16;34;14;0.0100326
15;30;16;11;14;0.00986687
15;73;16;72;14;0.00911844
15;74;16;72;14;0.00914811
15;68;16;67;14;0.00420633
15;9;1;20;15;0.00564904
15;71;16;69;14;0.00418166
15;70;16;69;14;0.0049224
15;11;16;29;14;0.00821376
15;53;18;25;17;0.00566842
15;22;17;17;16;0.00556176
15;21;17;17;16;0.00495412
15;61;16;62;14;0.00504745
15;2;1;0;15;0.00552704
15;3;1;0;15;0.00659527
15;62;16;37;14;0.0046314
15;60;16;62;14;0.00587798
15;1;1;15;15;0.000125201
15;25;18;18;17;0.00553136
15;4;1;0;15;0.00659455
15;63;16;64;14;0.00516335
15;33;18;18;17;0.00653991
15;16;16;15;14;0.00232009
15;17;17;15;16;0.00336278
15;69;16;16;14;0.00379461
15;10;16;11;14;0.0114512
15;18;18;15;17;0.00324252
15;29;16;37;14;0.00585261
15;0;1;1;15;0.00331564
15;67;16;16;14;0.00390947
15;38;18;18;17;0.0033699
15;64;16;37;14;0.0048236
15;5;1;2;15;0.00785395
15;20;1;1;15;0.00344635
15;66;16;67;14;0.00522693
15;7;1;6;15;0.00891042
15;37;16;16;14;0.00322779
15;65;16;64;14;0.00587572
15;6;1;9;15;0.00878903
15;72;16;70;14;0.00779022
15;13;17;40;16;0.00711821
15;39;16;41;14;0.00597503
15;40;17;21;16;0.00684493
15;41;16;66;14;0.00552203
15;42;16;41;14;0.00670455
15;19;1;4;15;0.00875121
15;23;18;25;17;0.00570608
15;26;17;22;16;0.00663891
15;27;17;22;16;0.00574909
15;44;1;9;15;0.00582614
15;24;18;53;17;0.00581716
15;45;17;27;16;0.00683227
15;46;17;27;16;0.00863866
15;28;16;29;14;0.00731118
15;58;16;65;14;0.0110888
15;34;16;60;14;0.00838277
15;35;18;33;17;0.0083381
15;31;16;34;14;0.00921801
15;55;17;56;16;0.00998023
15;43;17;45;16;0.00743752
15;56;17;43;16;0.00931394
15;36;16;12;14;0.0131179
47;32;7;31;88;0.0191021
47;75;7;34;88;0.0197807
47;73;7;72;88;0.0188665
47;74;7;72;88;0.0188962
47;31;7;34;88;0.0189661
47;35;7;33;88;0.0180862
47;34;7;60;88;0.0181309
47;28;7;29;88;0.0170593
47;23;7;25;88;0.0154542
47;24;7;53;88;0.0154049
47;72;7;70;88;0.0175383
47;63;7;64;88;0.0149114
47;65;7;64;88;0.0156238
47;60;7;62;88;0.0156261
47;10;7;13;88;0.0102898
47;69;7;16;88;0.0135427
47;40;7;13;88;0.00618164
47;2;7;19;88;0.00864062
47;61;7;62;88;0.0147955
47;13;7;26;88;0.00590836
47;26;7;22;88;0.00530387
47;45;7;27;88;0.0052042
47;17;7;22;88;0.00642569
47;46;7;44;88;0.00690367
47;56;7;43;88;0.00768588
47;27;7;44;88;0.00412103
47;0;7;4;88;0.00654986
47;50;7;51;88;0.00448345
47;8;7;6;88;0.00172216
47;67;7;66;88;0.0112267
47;36;7;43;88;0.0115534
47;7;7;47;88;0.000837666
47;66;7;41;88;0.00990926
47;6;7;7;88;0.000959066
47;44;7;7;88;0.00398782
47;19;7;14;88;0.00533876
47;48;7;7;88;0.00207655
47;9;7;6;88;0.00409905
47;68;7;66;88;0.0111758
47;20;7;9;88;0.00630174
47;49;7;7;88;0.00203931
47;4;7;6;88;0.00327095
47;43;7;45;88;0.00580945
47;14;7;8;88;0.00318063
47;52;7;49;88;0.00320047
47;22;7;9;88;0.00422672
47;51;7;48;88;0.00321178
47;21;7;17;88;0.00801702
47;39;7;21;88;0.00916116
47;1;7;20;88;0.00962289
47;15;7;1;88;0.00974809
47;3;7;0;88;0.0098295
47;62;7;37;88;0.0143795
47;54;7;56;88;0.00875452
47;55;7;56;88;0.00835217
47;42;7;39;88;0.010076
47;5;7;2;88;0.0109675
47;64;7;37;88;0.0145717
47;41;7;39;88;0.00961416
47;38;7;1;88;0.0129052
47;16;7;15;88;0.0120682
47;18;7;15;88;0.0129906
47;11;7;10;88;0.0135272
47;70;7;69;88;0.0146705
47;12;7;10;88;0.011644
47;71;7;69;88;0.0139298
47;30;7;12;88;0.0151577
47;37;7;16;88;0.0129759
47;53;7;38;88;0.0152561
47;29;7;37;88;0.0156007
47;25;7;18;88;0.0152794
47;33;7;18;88;0.016288
59;36;58;12;219;0.0184186
59;56;58;55;219;0.0183978
59;54;58;55;219;0.018571
59;24;58;53;219;0.0175735
59;44;58;9;219;0.0175825
59;23;58;25;219;0.0174624
59;20;58;1;219;0.0152027
59;17;58;15;219;0.0151191
59;76;76;59;220;0.000419029
59;68;58;67;219;0.0113225
59;9;58;20;219;0.0174054
59;71;58;69;219;0.0112978
59;12;58;10;219;0.0181062
59;70;58;69;219;0.0120385
59;11;58;29;219;0.0135145
59;60;58;61;219;0.0111406
59;1;58;15;219;0.0118815
59;69;58;16;219;0.0109108
59;10;58;11;219;0.0167519
59;38;58;18;219;0.0151262
59;67;58;16;219;0.0110256
59;0;58;1;219;0.015072
59;28;58;29;219;0.0126119
59;57;57;59;218;0.0010287
59;18;58;15;219;0.0149989
59;34;58;60;219;0.0136454
59;63;58;65;219;0.00691216
59;4;58;0;219;0.0183509
59;66;58;67;219;0.0123431
59;37;58;64;219;0.00852854
59;65;58;58;219;0.00588062
59;64;58;65;219;0.00693273
59;5;58;2;219;0.0196103
59;61;58;63;219;0.0100862
59;2;58;0;219;0.0172834
59;58;58;59;219;0.000667547
59;29;58;37;219;0.0111534
59;16;58;37;219;0.00943624
59;75;58;34;219;0.0152952
59;62;58;37;219;0.00993216
59;3;58;0;219;0.0183516
59;15;58;16;219;0.0117563
59;74;58;72;219;0.0162643
59;72;58;70;219;0.0149064
59;13;58;40;219;0.0163524
59;41;58;66;219;0.0126382
59;42;58;41;219;0.0138207
59;39;58;41;219;0.0130912
59;21;58;39;219;0.0142353
59;40;58;39;219;0.0160791
59;30;58;11;219;0.0151676
59;31;58;34;219;0.0144806
59;55;58;42;219;0.0177315
59;32;58;31;219;0.0146166
59;33;58;31;219;0.0172531
59;73;58;72;219;0.0162346
59;25;58;18;219;0.0172877
59;22;58;17;219;0.0173181
59;53;58;25;219;0.0174248
59;26;58;13;219;0.0169569
59;45;58;26;219;0.0172041
59;43;58;45;219;0.0178093
59;27;58;22;219;0.0175054
59;35;58;33;219;0.0190513
21;76;39;59;64;0.0146544
21;59;39;58;64;0.0142353
21;57;39;58;64;0.0142914
21;32;39;31;64;0.011833
21;35;17;33;65;0.0132922
21;31;39;34;64;0.011697
21;75;39;34;64;0.0125116
21;24;17;53;65;0.0107713
21;23;17;25;65;0.0106602
21;5;17;2;65;0.0127288
21;73;39;72;64;0.011491
21;74;39;72;64;0.0115206
21;51;17;48;65;0.00955347
21;52;17;49;65;0.00954216
21;34;39;60;64;0.0108618
21;58;39;65;64;0.0135678
21;28;39;29;64;0.00979017
21;53;17;25;65;0.0106225
21;6;17;9;65;0.00705795
21;65;39;64;64;0.00835471
21;36;40;12;66;0.00821218
21;56;40;43;66;0.00549745
21;27;17;22;65;0.00397764
21;43;40;45;66;0.00362103
21;16;39;67;64;0.00479908
21;45;40;26;66;0.00301577
21;26;40;13;66;0.00276858
21;55;39;42;64;0.0059698
21;10;40;13;66;0.00654549
21;69;39;16;64;0.0062736
21;68;39;66;64;0.00315875
21;9;17;22;65;0.00391797
21;39;39;21;64;0.00114414
21;46;17;27;65;0.0068672
21;17;17;21;65;0.00159133
21;4;17;20;65;0.00494334
21;63;39;64;64;0.00764234
21;40;40;21;66;0.00189081
21;66;39;41;64;0.00189224
21;7;17;6;65;0.00717935
21;1;17;20;65;0.00505311
21;60;39;62;64;0.00835697
21;41;39;39;64;0.00159714
21;44;17;9;65;0.00409506
21;15;17;17;65;0.00495412
21;71;39;68;64;0.00615741
21;12;40;10;66;0.00789971
21;13;40;40;66;0.00216409
21;72;39;70;64;0.0101627
21;42;39;39;64;0.00205903
21;20;17;17;65;0.00173196
21;22;17;17;65;0.0037903
21;67;39;66;64;0.0032097
21;8;17;6;65;0.00782105
21;37;39;16;64;0.00570678
21;0;17;4;65;0.00822225
21;19;17;4;65;0.0071
21;18;17;15;65;0.00819663
21;38;17;18;65;0.00832402
21;54;40;56;66;0.00656609
21;29;39;37;64;0.0083316
21;64;39;37;64;0.00730259
21;62;39;37;64;0.00711039
21;3;17;0;65;0.0115019
21;70;39;71;64;0.00729492
21;11;40;10;66;0.0097829
21;50;17;46;65;0.0108251
21;14;17;19;65;0.00925814
21;2;17;19;65;0.0104019
21;61;39;62;64;0.00752644
21;47;17;7;65;0.00801702
21;48;17;7;65;0.00841824
21;49;17;7;65;0.00838099
21;30;40;12;66;0.0114134
21;25;17;18;65;0.0104855
21;33;17;18;65;0.011494
60;51;62;48;155;0.0171625
60;52;62;49;155;0.0171512
60;49;62;7;155;0.01599
60;48;62;7;155;0.0160273
60;47;62;7;155;0.0156261
60;8;62;6;155;0.0154301
60;14;62;19;155;0.0167873
60;50;62;51;155;0.0184342
60;36;62;12;155;0.0125403
60;56;62;55;155;0.0125194
60;54;62;55;155;0.0126927
60;7;62;6;155;0.0147884
60;46;62;27;155;0.0145166
60;24;62;53;155;0.0116951
60;6;62;9;155;0.014667
60;44;62;9;155;0.0117041
60;23;62;25;155;0.0115841
60;19;62;4;155;0.0146292
60;18;62;15;155;0.0091205
60;1;62;15;155;0.00600318
60;28;62;29;155;0.00673358
60;68;62;67;155;0.00544412
60;9;62;20;155;0.011527
60;71;62;69;155;0.00541945
60;12;62;10;155;0.0122278
60;70;62;69;155;0.0061602
60;11;62;29;155;0.00763617
60;65;61;63;153;0.00525994
60;69;62;16;155;0.0050324
60;10;62;11;155;0.0108736
60;38;62;18;155;0.00924788
60;67;62;16;155;0.00514727
60;15;62;16;155;0.00587798
60;74;62;72;155;0.0103859
60;17;62;15;155;0.00924076
60;76;61;59;153;0.0115596
60;75;34;34;154;0.00415465
60;16;62;37;155;0.00355789
60;34;34;60;154;0.0025048
60;63;61;61;153;0.0042284
60;4;62;0;155;0.0124725
60;66;62;67;155;0.00646473
60;37;62;62;155;0.00265019
60;31;34;34;154;0.00334003
60;0;62;1;155;0.00919362
60;59;61;58;153;0.0111406
60;58;61;65;153;0.010473
60;29;62;37;155;0.00527501
60;64;62;37;155;0.00424601
60;5;62;2;155;0.0137319
60;61;61;60;153;0.00105439
60;2;62;0;155;0.011405
60;32;34;31;154;0.00347603
60;62;62;60;155;0.00124658
60;3;62;0;155;0.0124732
60;33;34;31;154;0.00611255
60;20;62;1;155;0.00932433
60;35;34;33;154;0.00791074
60;72;62;70;155;0.00902801
60;13;62;40;155;0.010474
60;41;62;66;155;0.00675983
60;42;62;41;155;0.00794234
60;39;62;41;155;0.00721283
60;21;62;39;155;0.00835697
60;40;62;39;155;0.0102007
60;30;62;11;155;0.00928928
60;55;62;42;155;0.0118531
60;73;62;72;155;0.0103562
60;25;62;18;155;0.0114093
60;22;62;17;155;0.0114397
60;53;62;25;155;0.0115464
60;57;61;58;153;0.0111966
60;26;62;13;155;0.0110785
60;45;62;26;155;0.0113257
60;43;62;45;155;0.011931
60;27;62;22;155;0.0116271
27;76;22;59;80;0.0179245
27;59;22;58;80;0.0175054
27;57;22;58;80;0.0175615
27;32;22;31;80;0.0151031
27;75;22;34;80;0.0157817
27;73;22;72;80;0.0148675
27;74;22;72;80;0.0148972
27;31;22;34;80;0.0149671
27;35;22;33;80;0.0140872
27;34;22;60;80;0.0141319
27;58;22;65;80;0.0168379
27;28;22;29;80;0.0130603
27;24;22;53;80;0.0115663
27;23;22;25;80;0.0114552
27;5;44;2;79;0.0134132
27;72;22;70;80;0.0135393
27;63;22;64;80;0.0109124
27;65;22;64;80;0.0116248
27;54;45;56;81;0.00463349
27;8;44;6;79;0.00416786
27;67;22;66;80;0.00718734
27;48;44;7;79;0.00452225
27;47;44;7;79;0.00412103
27;1;44;20;79;0.00583415
27;60;22;62;80;0.0116271
27;4;44;6;79;0.00571665
27;50;46;46;82;0.00684747
27;21;22;17;80;0.00397764
27;39;22;21;80;0.00512178
27;10;22;13;80;0.00625038
27;69;22;16;80;0.0095437
27;40;22;13;80;0.00214226
27;56;45;43;81;0.00356485
27;15;22;17;80;0.00574909
27;44;44;27;79;0.000133208
27;22;22;27;80;0.000187337
27;9;44;44;79;0.000310306
27;68;22;66;80;0.00713638
27;45;45;27;81;0.00108317
27;6;44;7;79;0.00340476
27;36;45;43;81;0.0074324
27;7;44;44;79;0.00328336
27;66;22;41;80;0.00586988
27;49;44;7;79;0.004485
27;20;44;9;79;0.00251299
27;55;45;56;81;0.00423114
27;26;22;22;80;0.00126449
27;13;22;26;80;0.00186898
27;46;46;27;82;0.00288956
27;17;22;22;80;0.00238631
27;43;45;45;81;0.00168843
27;14;44;8;79;0.00562632
27;42;22;39;80;0.00603666
27;52;44;49;79;0.00564617
27;51;44;48;79;0.00565748
27;41;22;39;80;0.00557478
27;19;44;14;79;0.00778446
27;0;44;4;79;0.00899556
27;16;22;15;80;0.00806918
27;18;22;15;80;0.00899161
27;38;44;1;79;0.00911645
27;11;22;10;80;0.00948779
27;70;22;69;80;0.0106715
27;12;22;10;80;0.00760461
27;71;22;69;80;0.00993075
27;30;22;12;80;0.0111183
27;2;44;19;79;0.0110863
27;61;22;62;80;0.0107965
27;37;22;16;80;0.00897688
27;29;22;37;80;0.0116017
27;64;22;37;80;0.0105727
27;62;22;37;80;0.0103805
27;3;44;0;79;0.0122752
27;25;22;18;80;0.0112805
27;33;22;18;80;0.012289
27;53;22;25;80;0.0114175
51;35;48;33;108;0.0196226
51;34;48;60;108;0.0196673
51;28;48;29;108;0.0185957
51;23;48;25;108;0.0169906
51;24;48;53;108;0.0169413
51;72;48;70;108;0.0190748
51;63;48;64;108;0.0164479
51;65;48;64;108;0.0171603
51;60;48;62;108;0.0171625
51;10;48;13;108;0.0118262
51;69;48;16;108;0.0150791
51;40;48;13;108;0.00771809
51;2;48;19;108;0.0101771
51;61;48;62;108;0.016332
51;13;48;26;108;0.00744481
51;26;48;22;108;0.00684032
51;45;48;27;108;0.00674065
51;56;48;43;108;0.00922233
51;27;48;44;108;0.00565748
51;0;48;4;108;0.00808631
51;43;48;45;108;0.0073459
51;14;48;8;108;0.00471708
51;22;48;9;108;0.00576316
51;50;50;51;107;0.00127167
51;19;48;14;108;0.00687521
51;48;48;51;108;0.00113523
51;9;48;6;108;0.0056355
51;68;48;66;108;0.0127122
51;52;52;51;109;9.41087e-05
51;20;48;9;108;0.00783819
51;49;48;48;108;0.00122883
51;36;48;43;108;0.0130899
51;7;48;48;108;0.00237411
51;66;48;41;108;0.0114457
51;17;48;22;108;0.00796213
51;46;50;50;107;0.00522957
51;6;48;7;108;0.00249551
51;47;48;7;108;0.00321178
51;8;48;6;108;0.00325861
51;67;48;66;108;0.0127632
51;44;48;7;108;0.00552427
51;4;48;6;108;0.0048074
51;21;48;17;108;0.00955347
51;39;48;21;108;0.0106976
51;1;48;20;108;0.0111593
51;15;48;1;108;0.0112845
51;3;48;0;108;0.0113659
51;62;48;37;108;0.0159159
51;54;48;56;108;0.010291
51;55;48;56;108;0.00988862
51;42;48;39;108;0.0116125
51;5;48;2;108;0.012504
51;64;48;37;108;0.0161081
51;41;48;39;108;0.0111506
51;38;48;1;108;0.0144416
51;16;48;15;108;0.0136046
51;18;48;15;108;0.0145271
51;11;48;10;108;0.0150636
51;70;48;69;108;0.0162069
51;12;48;10;108;0.0131804
51;71;48;69;108;0.0154662
51;30;48;12;108;0.0166941
51;37;48;16;108;0.0145123
51;53;48;38;108;0.0167926
51;29;48;37;108;0.0171371
51;25;48;18;108;0.0168159
51;33;48;18;108;0.0178245
28;51;29;48;41;0.0185957
28;52;29;49;41;0.0185844
28;49;29;7;41;0.0174232
28;48;29;7;41;0.0174605
28;47;29;7;41;0.0170593
28;8;29;6;41;0.0168633
28;14;29;19;41;0.0182205
28;50;29;51;41;0.0198674
28;54;29;55;41;0.0141259
28;7;29;6;41;0.0162216
28;46;29;27;41;0.0159498
28;24;29;53;41;0.0131283
28;6;29;9;41;0.0161002
28;44;29;9;41;0.0131373
28;56;29;55;41;0.0139526
28;35;29;33;41;0.0146443
28;23;29;25;41;0.0130173
28;19;29;4;41;0.0160624
28;18;29;15;41;0.0105537
28;17;29;15;41;0.010674
28;76;29;59;41;0.013031
28;13;29;10;41;0.0114385
28;72;29;70;41;0.0104612
28;71;29;69;41;0.00685265
28;12;29;10;41;0.00841137
28;34;29;60;41;0.00923838
28;63;29;64;41;0.00601895
28;4;29;0;41;0.0139057
28;65;29;64;41;0.00673132
28;60;29;62;41;0.00673358
28;1;29;15;41;0.00743638
28;61;29;62;41;0.00590306
28;2;29;0;41;0.0128382
28;15;29;16;41;0.00731118
28;74;29;72;41;0.0118191
28;38;29;18;41;0.0106811
28;67;29;16;41;0.00658047
28;0;29;1;41;0.0106268
28;59;29;58;41;0.0126119
28;58;29;65;41;0.0119444
28;29;29;28;41;0.00145857
28;16;29;37;41;0.00499108
28;75;29;34;41;0.0108882
28;66;29;67;41;0.00789792
28;37;29;29;41;0.00408339
28;68;29;67;41;0.00687732
28;9;29;20;41;0.0129602
28;10;29;11;41;0.00705714
28;69;29;16;41;0.0064656
28;62;29;37;41;0.00548701
28;3;29;0;41;0.0139064
28;30;29;11;41;0.00547284
28;11;29;29;41;0.00381973
28;70;29;69;41;0.00759339
28;64;29;37;41;0.00567921
28;5;29;2;41;0.0151651
28;20;29;1;41;0.0107575
28;41;29;66;41;0.00819303
28;42;29;41;41;0.00937554
28;39;29;41;41;0.00864603
28;36;29;12;41;0.00872384
28;21;29;39;41;0.00979017
28;40;29;39;41;0.0116339
28;43;29;45;41;0.0128955
28;31;29;34;41;0.0100736
28;55;29;42;41;0.0132863
28;32;29;31;41;0.0102096
28;33;29;31;41;0.0128461
28;73;29;72;41;0.0117894
28;25;29;18;41;0.0128425
28;22;29;17;41;0.0128729
28;53;29;25;41;0.0129796
28;26;29;13;41;0.012043
28;57;29;58;41;0.012668
28;45;29;26;41;0.0122902
28;27;29;22;41;0.0130603
43;76;45;59;140;0.0182283
43;59;45;58;140;0.0178093
43;57;45;58;140;0.0178654
43;32;45;31;140;0.015407
43;75;45;34;140;0.0160856
43;31;45;34;140;0.015271
43;35;45;33;140;0.0157756
43;73;45;72;140;0.0150649
43;74;45;72;140;0.0150946
43;24;45;53;140;0.0132547
43;23;45;25;140;0.0131436
43;5;45;2;140;0.0151017
43;34;45;60;140;0.0144357
43;58;45;65;140;0.0171418
43;28;45;29;140;0.0128955
43;63;45;64;140;0.0112163
43;65;45;64;140;0.0119287
43;72;45;70;140;0.0137367
43;48;45;7;140;0.00621068
43;47;45;7;140;0.00580945
43;41;45;39;140;0.00517112
43;1;45;20;140;0.00752257
43;60;45;62;140;0.011931
43;4;45;6;140;0.00740508
43;6;45;7;140;0.00509319
43;20;45;9;140;0.00420142
43;54;56;56;141;0.00294506
43;9;45;44;140;0.00199873
43;68;45;66;140;0.00673273
43;45;45;43;140;0.000605252
43;7;45;44;140;0.00497179
43;66;45;41;140;0.00546623
43;36;36;43;142;0.00574398
43;39;45;40;140;0.00471812
43;10;45;13;140;0.00583833
43;69;45;16;140;0.00984758
43;55;56;56;141;0.00254271
43;26;45;45;140;0.000852446
43;42;45;39;140;0.00563301
43;13;45;26;140;0.00145693
43;56;56;43;141;0.00187642
43;27;45;45;140;0.00168843
43;40;45;13;140;0.00173022
43;22;45;27;140;0.00187576
43;15;45;17;140;0.00743752
43;44;45;27;140;0.00182164
43;17;45;22;140;0.00407474
43;46;45;27;140;0.00457799
43;50;45;46;140;0.00853589
43;21;45;40;140;0.00362103
43;49;45;7;140;0.00617343
43;8;45;6;140;0.00585628
43;67;45;66;140;0.00678369
43;12;36;36;142;0.00605644
43;71;45;68;140;0.00973139
43;11;45;10;140;0.00907574
43;70;45;71;140;0.0108689
43;14;45;8;140;0.00731475
43;30;36;12;142;0.00957013
43;52;45;49;140;0.0073346
43;51;45;48;140;0.0073459
43;16;45;67;140;0.00837307
43;19;45;14;140;0.00947289
43;0;45;4;140;0.010684
43;18;45;15;140;0.01068
43;38;45;1;140;0.0108049
43;37;45;16;140;0.00928076
43;29;45;11;140;0.0114369
43;64;45;37;140;0.0108766
43;62;45;37;140;0.0106844
43;3;45;0;140;0.0139636
43;2;45;19;140;0.0127747
43;61;45;62;140;0.0111004
43;25;45;18;140;0.0129689
43;33;45;18;140;0.0139774
43;53;45;25;140;0.0131059
75;47;34;7;210;0.0197807
75;8;34;6;210;0.0195847
75;36;34;12;210;0.0166949
75;56;34;55;210;0.016674
75;54;34;55;210;0.0168473
75;7;34;6;210;0.0189431
75;46;34;27;210;0.0186713
75;6;34;9;210;0.0188217
75;44;34;9;210;0.0158588
75;19;34;4;210;0.0187838
75;5;34;2;210;0.0178866
75;27;34;22;210;0.0157817
75;23;32;25;211;0.00958965
75;68;34;67;210;0.00959877
75;9;34;20;210;0.0156817
75;71;34;69;210;0.0095741
75;12;34;10;210;0.0163825
75;70;34;69;210;0.0103148
75;11;34;29;210;0.0117908
75;65;34;63;210;0.00941459
75;69;34;16;210;0.00918705
75;10;34;11;210;0.0150282
75;1;34;15;210;0.0101578
75;60;34;34;210;0.00415465
75;53;32;25;211;0.00955198
75;25;32;18;211;0.00941492
75;15;34;16;210;0.0100326
75;74;34;72;210;0.0145406
75;67;34;16;210;0.00930191
75;38;32;18;211;0.00725346
75;16;34;37;210;0.00771253
75;31;32;32;211;0.00105617
75;18;32;33;211;0.00712608
75;62;34;60;210;0.00540122
75;3;34;0;210;0.0166279
75;33;32;31;211;0.00382869
75;64;34;37;210;0.00840066
75;35;32;33;211;0.00562688
75;32;32;75;211;0.000920177
75;61;34;60;210;0.00520904
75;2;34;0;210;0.0155597
75;34;34;75;210;0.00164985
75;63;34;61;210;0.00838305
75;4;34;0;210;0.0166272
75;66;34;67;210;0.0106194
75;37;34;62;210;0.00680484
75;58;34;65;210;0.0146277
75;29;34;37;210;0.00942966
75;28;34;29;210;0.0108882
75;24;32;53;211;0.00970072
75;17;34;15;210;0.0133954
75;76;34;59;210;0.0157142
75;0;34;1;210;0.0133483
75;59;34;58;210;0.0152952
75;20;34;1;210;0.013479
75;72;34;70;210;0.0131827
75;13;34;40;210;0.0146287
75;41;34;66;210;0.0109145
75;42;34;41;210;0.012097
75;39;34;41;210;0.0113675
75;21;34;39;210;0.0125116
75;40;34;39;210;0.0143554
75;30;34;11;210;0.0134439
75;55;34;42;210;0.0160078
75;73;34;72;210;0.0145109
75;22;34;17;210;0.0155944
75;57;34;58;210;0.0153513
75;26;34;13;210;0.0152332
75;45;34;26;210;0.0154803
75;43;34;45;210;0.0160856
55;76;42;59;146;0.0181505
55;59;42;58;146;0.0177315
55;57;42;58;146;0.0177876
55;35;56;33;148;0.0183183
55;24;56;53;148;0.0157974
55;23;56;25;148;0.0156863
55;5;56;2;148;0.0176444
55;32;42;31;146;0.0153291
55;31;42;34;146;0.0151931
55;75;42;34;146;0.0160078
55;73;42;72;146;0.0149871
55;74;42;72;146;0.0150168
55;53;56;25;148;0.0156487
55;3;56;0;148;0.0165063
55;33;56;18;148;0.0165201
55;25;56;18;148;0.0155116
55;2;56;19;148;0.0153175
55;34;42;60;146;0.0143579
55;66;42;41;146;0.00538838
55;7;56;44;148;0.0075145
55;6;56;7;148;0.0076359
55;65;42;64;146;0.0118508
55;20;56;9;148;0.00674413
55;67;42;66;146;0.00670584
55;8;56;6;148;0.008399
55;9;56;44;148;0.00454145
55;68;42;66;146;0.00665489
55;21;42;39;146;0.0059698
55;17;56;22;148;0.00661745
55;46;56;27;148;0.0071207
55;15;56;17;148;0.00998023
55;44;56;27;148;0.00436435
55;40;56;13;148;0.00427293
55;54;54;55;147;0.000839546
55;41;42;42;146;0.00509328
55;43;56;56;148;0.00254271
55;16;42;67;146;0.00829522
55;45;56;43;148;0.00314797
55;36;56;43;148;0.00828669
55;26;56;45;148;0.00339516
55;71;42;68;146;0.00965355
55;12;56;36;148;0.00859916
55;42;42;55;146;0.00391077
55;13;56;26;148;0.00399965
55;72;42;70;146;0.0136589
55;10;56;13;148;0.00838104
55;69;42;16;146;0.00976974
55;39;42;42;146;0.00482565
55;56;56;55;148;0.00066629
55;27;56;45;148;0.00423114
55;22;56;27;148;0.00441848
55;4;56;6;148;0.00994779
55;63;42;64;146;0.0111385
55;1;56;20;148;0.0100653
55;60;42;62;146;0.0118531
55;50;56;46;148;0.0110786
55;47;56;7;148;0.00835217
55;48;56;7;148;0.00875339
55;49;56;7;148;0.00871614
55;37;42;16;146;0.00920292
55;11;56;10;148;0.0116185
55;70;42;71;146;0.0107911
55;14;56;8;148;0.00985746
55;30;56;12;148;0.0121128
55;52;56;49;148;0.00987731
55;51;56;48;148;0.00988862
55;29;42;37;146;0.0118277
55;64;42;37;146;0.0107987
55;62;42;37;146;0.0106065
55;19;56;14;148;0.0120156
55;0;56;4;148;0.0132267
55;18;56;15;148;0.0132228
55;38;56;1;148;0.0133476
55;61;42;62;146;0.0110226
55;28;42;29;146;0.0132863
55;58;42;65;146;0.0170639
33;76;31;59;49;0.0176721
33;51;18;48;50;0.0178245
33;52;18;49;50;0.0178131
33;59;31;58;49;0.0172531
33;57;31;58;49;0.0173092
33;54;18;56;50;0.0169225
33;49;18;7;50;0.016652
33;48;18;7;50;0.0166892
33;47;18;7;50;0.016288
33;12;31;10;49;0.0183404
33;8;18;6;50;0.016092
33;14;18;19;50;0.0174493
33;50;18;51;50;0.0190961
33;73;18;72;50;0.0156584
33;74;18;72;50;0.015688
33;36;31;12;49;0.0186528
33;56;18;43;50;0.0158539
33;30;31;11;49;0.0154018
33;69;18;16;50;0.0103345
33;10;31;11;49;0.0169861
33;37;31;62;49;0.00876274
33;20;18;1;50;0.00998627
33;29;31;37;49;0.0113876
33;0;18;1;50;0.00985555
33;16;18;15;50;0.00886001
33;75;31;32;49;0.00382869
33;23;18;25;50;0.00576096
33;62;31;60;49;0.00735912
33;3;18;0;50;0.0131352
33;64;31;37;49;0.0103586
33;5;18;2;50;0.0143939
33;35;35;33;48;0.00179819
33;18;18;33;50;0.0032974
33;61;31;60;49;0.00716694
33;2;18;0;50;0.012067
33;32;31;31;49;0.00290851
33;63;31;61;49;0.010341
33;4;18;0;50;0.0131345
33;34;31;31;49;0.00360775
33;31;31;33;49;0.00277251
33;60;31;34;49;0.00611255
33;1;18;15;50;0.00666512
33;17;18;15;50;0.0099027
33;67;18;16;50;0.0104494
33;38;18;18;50;0.00342478
33;25;18;18;50;0.00558623
33;15;18;18;50;0.00653991
33;24;18;53;50;0.00587204
33;53;18;25;50;0.00572329
33;21;18;17;50;0.011494
33;22;18;17;50;0.0121017
33;9;18;20;50;0.012189
33;68;18;67;50;0.0107462
33;70;18;69;50;0.0114623
33;11;31;29;49;0.0137487
33;71;18;69;50;0.0107216
33;65;31;63;49;0.0113725
33;6;18;9;50;0.0153289
33;66;18;67;50;0.0117668
33;7;18;6;50;0.0154503
33;58;31;65;49;0.0165856
33;28;31;29;49;0.0128461
33;72;18;70;50;0.0143301
33;13;18;40;50;0.0136581
33;39;18;41;50;0.0125149
33;40;18;21;50;0.0133848
33;41;18;66;50;0.0120619
33;42;18;41;50;0.0132445
33;19;18;4;50;0.0152911
33;26;18;22;50;0.0131788
33;27;18;22;50;0.012289
33;44;18;9;50;0.0123661
33;45;18;27;50;0.0133722
33;46;18;27;50;0.0151786
33;55;18;56;50;0.0165201
33;43;18;45;50;0.0139774
39;76;41;59;72;0.0135102
39;35;41;33;72;0.0143131
39;59;41;58;72;0.0130912
39;57;41;58;72;0.0131473
39;24;41;53;72;0.0117922
39;23;41;25;72;0.0116811
39;5;41;2;72;0.013829
39;32;41;31;72;0.0106889
39;31;41;34;72;0.0105529
39;75;41;34;72;0.0113675
39;51;21;48;70;0.0106976
39;52;21;49;70;0.0106863
39;53;41;25;72;0.0116435
39;3;41;0;72;0.0125703
39;33;41;18;72;0.0125149
39;25;41;18;72;0.0115064
39;73;41;72;72;0.0103468
39;74;41;72;72;0.0103765
39;64;41;37;72;0.00615845
39;29;41;37;72;0.00718745
39;27;21;22;70;0.00512178
39;43;40;45;71;0.00471812
39;1;41;15;72;0.00610023
39;60;41;62;72;0.00721283
39;62;41;37;72;0.00596625
39;4;21;20;70;0.00608748
39;63;41;64;72;0.0064982
39;15;41;16;72;0.00597503
39;22;21;17;70;0.00493444
39;21;21;39;70;0.00114414
39;69;41;16;72;0.00512946
39;10;40;13;71;0.00764259
39;40;40;39;71;0.00298791
39;37;41;16;72;0.00456264
39;66;41;41;72;0.000748102
39;7;21;6;70;0.00832349
39;41;41;39;72;0.000452999
39;9;21;22;70;0.00506211
39;68;41;66;72;0.0020146
39;67;41;66;72;0.00206556
39;8;21;6;70;0.00896519
39;26;40;13;71;0.00386568
39;55;42;42;73;0.00482565
39;45;40;26;71;0.00411287
39;16;41;67;72;0.00365494
39;17;21;21;70;0.00273547
39;13;40;40;71;0.00326119
39;72;41;70;72;0.0090186
39;42;42;39;73;0.000914884
39;71;41;68;72;0.00501327
39;12;40;10;71;0.00899681
39;20;21;17;70;0.0028761
39;56;42;55;73;0.00549194
39;36;40;12;71;0.00930928
39;54;42;55;73;0.0056652
39;70;41;71;72;0.00615078
39;11;41;29;72;0.00954861
39;44;21;9;70;0.00523921
39;6;21;9;70;0.00820209
39;65;41;64;72;0.00721056
39;46;21;27;70;0.00801134
39;61;41;62;72;0.0063823
39;2;41;0;72;0.0115021
39;18;41;15;72;0.00921755
39;0;41;1;72;0.00929067
39;19;21;4;70;0.00824415
39;38;41;18;72;0.00934494
39;28;41;29;72;0.00864603
39;58;41;65;72;0.0124236
39;34;41;60;72;0.00971762
39;50;21;46;70;0.0119692
39;14;21;19;70;0.0104023
39;47;21;7;70;0.00916116
39;48;21;7;70;0.00956238
39;49;21;7;70;0.00952513
39;30;41;11;72;0.0112017
71;51;69;48;193;0.0154662
71;52;69;49;193;0.0154549
71;49;69;7;193;0.0142937
71;48;69;7;193;0.014331
71;47;69;7;193;0.0139298
71;8;69;6;193;0.0137338
71;14;69;19;193;0.015091
71;50;69;51;193;0.0167379
71;76;69;59;193;0.0117168
71;35;69;33;193;0.0125198
71;59;69;58;193;0.0112978
71;57;69;58;193;0.0113539
71;7;69;6;193;0.0130921
71;46;69;27;193;0.0128203
71;24;69;53;193;0.00999882
71;6;69;9;193;0.0129707
71;44;69;9;193;0.0100078
71;36;69;12;193;0.0126593
71;21;68;39;192;0.00615741
71;63;69;64;193;0.00470483
71;4;69;0;193;0.0107762
71;65;69;64;193;0.00541719
71;20;69;1;193;0.00762801
71;18;69;15;193;0.00742418
71;17;69;15;193;0.00754444
71;1;69;15;193;0.00430686
71;60;69;62;193;0.00541945
71;61;69;62;193;0.00458893
71;2;69;0;193;0.0097087
71;42;68;41;192;0.00574278
71;12;69;10;193;0.0123469
71;41;68;66;192;0.00456027
71;70;70;71;191;0.00113752
71;11;69;29;193;0.00775524
71;39;68;41;192;0.00501327
71;68;68;71;192;0.00299866
71;9;69;20;193;0.0098307
71;74;70;72;191;0.00536323
71;15;69;16;193;0.00418166
71;16;69;69;193;0.00186157
71;75;69;34;193;0.0095741
71;0;69;1;193;0.0074973
71;29;69;37;193;0.00539408
71;69;69;71;193;0.000387049
71;10;69;11;193;0.0109927
71;72;70;70;191;0.00400533
71;13;68;40;192;0.00827446
71;73;70;72;191;0.00533355
71;38;69;18;193;0.00755156
71;67;68;68;192;0.00329552
71;64;69;37;193;0.00436508
71;5;69;2;193;0.0120356
71;62;69;37;193;0.00417288
71;3;69;0;193;0.0107769
71;37;69;16;193;0.00276926
71;66;68;68;192;0.00426517
71;40;68;39;192;0.00800118
71;28;69;29;193;0.00685265
71;58;69;65;193;0.0106303
71;34;69;60;193;0.00792425
71;55;68;42;192;0.00965355
71;25;69;18;193;0.00971302
71;33;69;18;193;0.0107216
71;22;69;17;193;0.00974341
71;53;69;25;193;0.00985008
71;30;69;11;193;0.00940835
71;31;69;34;193;0.00875949
71;26;68;13;192;0.00887895
71;32;69;31;193;0.00889548
71;45;68;26;192;0.00912614
71;43;68;45;192;0.00973139
71;27;69;22;193;0.00993075
71;54;68;55;192;0.0104931
71;56;68;55;192;0.0103198
71;19;69;4;193;0.0129329
71;23;69;25;193;0.00988774
40;76;39;59;69;0.0164981
40;59;39;58;69;0.0160791
40;57;39;58;69;0.0161352
40;32;39;31;69;0.0136768
40;35;21;33;68;0.015183
40;31;39;34;69;0.0135408
40;75;39;34;69;0.0143554
40;24;21;53;68;0.0126621
40;23;21;25;68;0.012551
40;5;21;2;68;0.0146196
40;73;39;72;69;0.0133347
40;74;39;72;69;0.0133644
40;53;21;25;68;0.0125133
40;34;39;60;69;0.0127055
40;58;39;65;69;0.0154115
40;28;39;29;69;0.0116339
40;3;21;0;68;0.0133927
40;33;21;18;68;0.0133848
40;1;21;20;68;0.00694392
40;60;39;62;69;0.0102007
40;4;21;20;68;0.00683415
40;63;39;64;69;0.00948611
40;54;13;56;67;0.00467528
40;66;39;41;69;0.00373601
40;7;13;6;67;0.00534397
40;41;39;39;69;0.00344091
40;6;13;9;67;0.00522257
40;65;39;64;69;0.0101985
40;15;21;17;68;0.00684493
40;44;13;9;67;0.00225969
40;20;21;17;68;0.00362277
40;67;39;66;69;0.00505347
40;8;13;6;67;0.00598567
40;9;13;22;67;0.00208259
40;68;39;66;69;0.00500251
40;42;39;39;69;0.00390279
40;13;13;40;67;0.00027328
40;72;39;70;69;0.0120065
40;55;13;56;67;0.00427293
40;26;13;13;67;0.000877769
40;21;21;40;68;0.00189081
40;39;39;40;69;0.00298791
40;10;13;13;67;0.00465468
40;69;39;16;69;0.00811737
40;36;13;12;67;0.00632137
40;22;13;26;67;0.00195493
40;45;13;26;67;0.00112496
40;43;13;45;67;0.00173022
40;27;13;22;67;0.00214226
40;56;13;43;67;0.00360664
40;46;13;27;67;0.00503183
40;17;21;21;68;0.00348214
40;11;13;10;67;0.00789209
40;70;39;71;69;0.00913869
40;12;13;10;67;0.0060089
40;71;39;68;69;0.00800118
40;50;13;46;67;0.00898973
40;16;39;67;69;0.00664285
40;47;13;7;67;0.00618164
40;48;13;7;67;0.00658286
40;49;13;7;67;0.00654561
40;14;13;8;67;0.00744414
40;30;13;12;67;0.00952259
40;52;13;49;67;0.00770678
40;51;13;48;67;0.00771809
40;37;39;16;69;0.00755054
40;0;21;4;68;0.0101131
40;19;21;4;68;0.00899081
40;18;21;15;68;0.0100874
40;38;21;18;68;0.0102148
40;29;39;37;69;0.0101754
40;64;39;37;69;0.00914636
40;62;39;37;69;0.00895416
40;61;39;62;69;0.00937021
40;2;21;19;68;0.0122927
40;25;21;18;68;0.0123763
14;35;19;33;21;0.0192475
14;34;19;60;21;0.0192921
14;28;19;29;21;0.0182205
14;23;19;25;21;0.0166154
14;24;19;53;21;0.0165661
14;72;19;70;21;0.0186996
14;63;19;64;21;0.0160727
14;65;19;64;21;0.0167851
14;60;19;62;21;0.0167873
14;10;8;13;22;0.0115523
14;69;19;16;21;0.014704
14;40;8;13;22;0.00744414
14;13;8;26;22;0.00717086
14;45;8;27;22;0.0067095
14;46;8;44;22;0.00840896
14;17;19;20;21;0.00766681
14;56;8;43;22;0.00919117
14;27;8;44;22;0.00562632
14;26;8;22;22;0.00656637
14;5;19;2;21;0.0077869
14;64;19;37;21;0.015733
14;50;8;51;22;0.00598874
14;0;19;4;21;0.00759371
14;22;8;9;22;0.00548921
14;51;8;48;22;0.00471708
14;43;8;45;22;0.00731475
14;6;8;8;22;0.00222156
14;8;8;14;22;0.00145847
14;67;19;66;21;0.0124678
14;47;8;7;22;0.00318063
14;2;19;19;21;0.00545999
14;61;19;62;21;0.0159568
14;4;19;19;21;0.0043148
14;7;8;6;22;0.00234296
14;66;19;41;21;0.0111504
14;9;8;6;22;0.00536155
14;68;19;66;21;0.0124169
14;19;19;14;21;0.00215814
14;48;8;7;22;0.00358185
14;44;8;7;22;0.00549312
14;20;19;4;21;0.00752618
14;49;8;7;22;0.0035446
14;52;8;49;22;0.00470577
14;36;8;43;22;0.0130587
14;21;19;17;21;0.00925814
14;39;19;21;21;0.0104023
14;1;19;0;21;0.0107841
14;3;19;0;21;0.0108733
14;62;19;37;21;0.0155408
14;15;19;1;21;0.0109093
14;54;8;56;22;0.0102598
14;55;8;56;22;0.00985746
14;42;19;39;21;0.0113172
14;41;19;39;21;0.0108553
14;38;19;1;21;0.0140665
14;16;19;15;21;0.0132294
14;18;19;15;21;0.0141519
14;11;8;10;22;0.0147897
14;70;19;69;21;0.0158317
14;12;8;10;22;0.0129065
14;71;19;69;21;0.015091
14;30;8;12;22;0.0164202
14;37;19;16;21;0.0141371
14;53;19;38;21;0.0164174
14;29;19;37;21;0.016762
14;25;19;18;21;0.0164407
14;33;19;18;21;0.0174493
56;76;55;59;145;0.0188168
56;59;55;58;145;0.0183978
56;57;55;58;145;0.0184538
56;32;55;31;145;0.0159954
56;35;43;33;143;0.017652
56;31;55;34;145;0.0158594
56;75;55;34;145;0.016674
56;24;43;53;143;0.0151311
56;23;43;25;143;0.01502
56;5;43;2;143;0.0169781
56;73;55;72;145;0.0156534
56;74;55;72;145;0.0156831
56;53;43;25;143;0.0149824
56;3;43;0;143;0.01584
56;33;43;18;143;0.0158539
56;25;43;18;143;0.0148453
56;34;55;60;145;0.0150242
56;58;55;65;145;0.0177302
56;1;43;20;143;0.00939899
56;60;55;62;145;0.0125194
56;4;43;6;143;0.0092815
56;63;55;64;145;0.0118048
56;66;55;41;145;0.00605467
56;7;43;44;143;0.00684821
56;41;55;42;145;0.00575957
56;6;43;7;143;0.00696961
56;65;55;64;145;0.0125171
56;20;43;9;143;0.00607784
56;67;55;66;145;0.00737213
56;8;43;6;143;0.00773271
56;9;43;44;143;0.00387516
56;68;55;66;145;0.00732118
56;21;43;40;143;0.00549745
56;17;43;22;143;0.00595116
56;46;43;27;143;0.00645441
56;15;43;17;143;0.00931394
56;44;43;27;143;0.00369806
56;43;43;56;143;0.00187642
56;54;54;56;144;0.00106864
56;45;43;43;143;0.00248167
56;36;43;43;143;0.0076204
56;39;55;42;145;0.00549194
56;10;43;13;143;0.00771475
56;69;55;16;145;0.010436
56;55;55;56;145;0.00066629
56;26;43;45;143;0.00272887
56;42;55;55;145;0.00457706
56;13;43;26;143;0.00333336
56;72;55;70;145;0.0143252
56;27;43;45;143;0.00356485
56;40;43;13;143;0.00360664
56;22;43;27;143;0.00375219
56;50;43;46;143;0.0104123
56;47;43;7;143;0.00768588
56;48;43;7;143;0.0080871
56;49;43;7;143;0.00804985
56;71;55;68;145;0.0103198
56;12;43;36;143;0.00793286
56;16;55;67;145;0.00896151
56;11;43;10;143;0.0109522
56;70;55;71;145;0.0114574
56;14;43;8;143;0.00919117
56;30;43;12;143;0.0114466
56;52;43;49;143;0.00921102
56;51;43;48;143;0.00922233
56;37;55;16;145;0.00986921
56;19;43;14;143;0.0113493
56;0;43;4;143;0.0125604
56;18;43;15;143;0.0125565
56;38;43;1;143;0.0126813
56;29;55;37;145;0.012494
56;64;55;37;145;0.011465
56;62;55;37;145;0.0112728
56;61;55;62;145;0.0116889
56;2;43;19;143;0.0146512
56;28;55;29;145;0.0139526
34;51;60;48;214;0.0196673
34;52;60;49;214;0.019656
34;49;60;7;214;0.0184948
34;48;60;7;214;0.0185321
34;47;60;7;214;0.0181309
34;8;60;6;214;0.0179349
34;14;60;19;214;0.0192921
34;36;60;12;214;0.0150451
34;56;60;55;214;0.0150242
34;54;60;55;214;0.0151975
34;7;60;6;214;0.0172932
34;46;60;27;214;0.0170214
34;6;60;9;214;0.0171718
34;44;60;9;214;0.0142089
34;19;60;4;214;0.017134
34;5;60;2;214;0.0162367
34;27;60;22;214;0.0141319
34;68;60;67;214;0.00794892
34;9;60;20;214;0.0140318
34;71;60;69;214;0.00792425
34;12;60;10;214;0.0147326
34;70;60;69;214;0.00866499
34;11;60;29;214;0.010141
34;1;60;15;214;0.00850798
34;60;60;34;214;0.0025048
34;53;31;25;216;0.00933105
34;25;31;18;216;0.00919399
34;65;60;63;214;0.00776474
34;69;60;16;214;0.0075372
34;10;60;11;214;0.0133784
34;38;31;18;216;0.00703253
34;67;60;16;214;0.00765206
34;15;60;16;214;0.00838277
34;74;60;72;214;0.0128907
34;16;60;37;214;0.00606268
34;75;75;34;215;0.00164985
34;31;31;34;216;0.000835238
34;18;31;33;216;0.00690515
34;62;60;60;214;0.00375137
34;3;60;0;214;0.014978
34;33;31;31;216;0.00360775
34;32;31;31;216;0.000971234
34;61;60;60;214;0.00355919
34;2;60;0;214;0.0139098
34;64;60;37;214;0.0067508
34;35;31;33;216;0.00540594
34;63;60;61;214;0.0067332
34;4;60;0;214;0.0149773
34;66;60;67;214;0.00896952
34;37;60;62;214;0.00515499
34;58;60;65;214;0.0129778
34;29;60;37;214;0.00777981
34;28;60;29;214;0.00923838
34;17;60;15;214;0.0117456
34;76;60;59;214;0.0140644
34;0;60;1;214;0.0116984
34;59;60;58;214;0.0136454
34;20;60;1;214;0.0118291
34;72;60;70;214;0.0115328
34;13;60;40;214;0.0129788
34;41;60;66;214;0.00926462
34;23;31;25;216;0.00936871
34;42;60;41;214;0.0104471
34;39;60;41;214;0.00971762
34;24;31;53;216;0.00947979
34;21;60;39;214;0.0108618
34;40;60;39;214;0.0127055
34;30;60;11;214;0.0117941
34;55;60;42;214;0.0143579
34;73;60;72;214;0.012861
34;22;60;17;214;0.0139445
34;57;60;58;214;0.0137014
34;26;60;13;214;0.0135833
34;45;60;26;214;0.0138305
34;43;60;45;214;0.0144357
44;76;9;59;114;0.0180015
44;59;9;58;114;0.0175825
44;57;9;58;114;0.0176386
44;32;9;31;114;0.0151801
44;75;9;34;114;0.0158588
44;73;9;72;114;0.0149446
44;74;9;72;114;0.0149743
44;31;9;34;114;0.0150442
44;35;9;33;114;0.0141642
44;34;9;60;114;0.0142089
44;58;9;65;114;0.0169149
44;28;9;29;114;0.0131373
44;23;9;25;114;0.0115322
44;24;9;53;114;0.0114829
44;5;7;2;115;0.01328
44;72;9;70;114;0.0136164
44;63;9;64;114;0.0109895
44;65;9;64;114;0.0117019
44;54;27;56;113;0.0047667
44;8;7;6;115;0.00403465
44;67;9;66;114;0.00730477
44;48;7;7;115;0.00438904
44;47;7;7;115;0.00398782
44;1;9;20;114;0.00570094
44;60;9;62;114;0.0117041
44;4;7;6;115;0.00558344
44;50;7;51;115;0.00679594
44;21;9;17;114;0.00409506
44;39;9;21;114;0.00523921
44;10;9;13;114;0.0063678
44;69;9;16;114;0.00962075
44;40;9;13;114;0.00225969
44;15;9;1;114;0.00582614
44;56;27;43;113;0.00369806
44;27;27;44;113;0.000133208
44;9;9;44;114;0.000177098
44;68;9;66;114;0.00725381
44;22;9;9;114;0.000304762
44;36;27;43;113;0.00756561
44;7;7;44;115;0.00315015
44;66;9;41;114;0.00598731
44;49;7;7;115;0.00435179
44;20;9;9;114;0.00237979
44;45;27;27;113;0.00121638
44;6;7;7;115;0.00327155
44;55;27;56;113;0.00436435
44;26;9;22;114;0.00138192
44;13;9;26;114;0.00198641
44;46;46;44;116;0.00291585
44;17;9;22;114;0.00250373
44;43;27;45;113;0.00182164
44;14;7;8;115;0.00549312
44;52;7;49;115;0.00551296
44;42;9;39;114;0.00615409
44;51;7;48;115;0.00552427
44;41;9;39;114;0.0056922
44;19;7;14;115;0.00765125
44;0;7;4;115;0.00886235
44;38;9;1;114;0.00898324
44;16;9;15;114;0.00814623
44;18;9;15;114;0.00906866
44;11;9;10;114;0.00960522
44;70;9;69;114;0.0107485
44;12;9;10;114;0.00772203
44;71;9;69;114;0.0100078
44;2;7;19;115;0.0109531
44;61;9;62;114;0.0108736
44;30;9;12;114;0.0112357
44;37;9;16;114;0.00905392
44;3;7;0;115;0.012142
44;62;9;37;114;0.0104575
44;53;9;38;114;0.0113342
44;29;9;37;114;0.0116787
44;64;9;37;114;0.0106497
44;25;9;18;114;0.0113575
44;33;9;18;114;0.0123661
76;36;59;12;217;0.0188377
76;56;59;55;217;0.0188168
76;54;59;55;217;0.01899
76;24;59;53;217;0.0179925
76;44;59;9;217;0.0180015
76;20;59;1;217;0.0156217
76;17;59;15;217;0.0155381
76;68;59;67;217;0.0117415
76;9;59;20;217;0.0178244
76;71;59;69;217;0.0117168
76;12;59;10;217;0.0185252
76;70;59;69;217;0.0124576
76;11;59;29;217;0.0139336
76;60;59;61;217;0.0115596
76;1;59;15;217;0.0123006
76;69;59;16;217;0.0113298
76;10;59;11;217;0.017171
76;38;59;18;217;0.0155453
76;67;59;16;217;0.0114446
76;18;59;15;217;0.0154179
76;34;59;60;217;0.0140644
76;63;59;65;217;0.00733118
76;4;59;0;217;0.0187699
76;66;59;67;217;0.0127621
76;37;59;64;217;0.00894757
76;59;59;76;217;0.000419029
76;0;59;1;217;0.015491
76;28;59;29;217;0.013031
76;57;59;59;217;0.00144773
76;65;59;58;217;0.00629964
76;64;59;65;217;0.00735176
76;61;59;63;217;0.0105052
76;2;59;0;217;0.0177024
76;58;59;59;217;0.00108658
76;29;59;37;217;0.0115724
76;16;59;37;217;0.00985527
76;75;59;34;217;0.0157142
76;62;59;37;217;0.0103512
76;3;59;0;217;0.0187706
76;15;59;16;217;0.0121754
76;74;59;72;217;0.0166833
76;72;59;70;217;0.0153254
76;13;59;40;217;0.0167714
76;41;59;66;217;0.0130572
76;42;59;41;217;0.0142397
76;39;59;41;217;0.0135102
76;21;59;39;217;0.0146544
76;40;59;39;217;0.0164981
76;30;59;11;217;0.0155867
76;31;59;34;217;0.0148996
76;55;59;42;217;0.0181505
76;32;59;31;217;0.0150356
76;33;59;31;217;0.0176721
76;73;59;72;217;0.0166536
76;25;59;18;217;0.0177067
76;22;59;17;217;0.0177371
76;53;59;25;217;0.0178438
76;26;59;13;217;0.0173759
76;45;59;26;217;0.0176231
76;43;59;45;217;0.0182283
76;27;59;22;217;0.0179245
76;35;59;33;217;0.0194703
76;23;59;25;217;0.0178814
48;32;7;31;100;0.0195033
48;73;7;72;100;0.0192678
48;74;7;72;100;0.0192974
48;31;7;34;100;0.0193673
48;35;7;33;100;0.0184874
48;34;7;60;100;0.0185321
48;28;7;29;100;0.0174605
48;23;7;25;100;0.0158554
48;24;7;53;100;0.0158061
48;72;7;70;100;0.0179395
48;63;7;64;100;0.0153127
48;65;7;64;100;0.016025
48;60;7;62;100;0.0160273
48;10;7;13;100;0.010691
48;69;7;16;100;0.0139439
48;40;7;13;100;0.00658286
48;2;7;19;100;0.00904185
48;61;7;62;100;0.0151968
48;13;7;26;100;0.00630958
48;26;7;22;100;0.00570509
48;45;7;27;100;0.00560542
48;56;7;43;100;0.0080871
48;27;7;44;100;0.00452225
48;0;7;4;100;0.00695109
48;17;7;22;100;0.00682691
48;46;51;50;98;0.0063648
48;19;7;14;100;0.00573999
48;9;7;6;100;0.00450027
48;68;7;66;100;0.011577
48;22;7;9;100;0.00462794
48;51;51;48;98;0.00113523
48;20;7;9;100;0.00670296
48;49;49;48;99;9.35996e-05
48;36;7;43;100;0.0119547
48;7;7;48;100;0.00123889
48;66;7;41;100;0.0103105
48;52;51;51;98;0.00122934
48;50;51;51;98;0.00240689
48;6;7;7;100;0.00136029
48;47;7;7;100;0.00207655
48;8;7;6;100;0.00212338
48;67;7;66;100;0.0116279
48;44;7;7;100;0.00438904
48;4;7;6;100;0.00367218
48;43;7;45;100;0.00621068
48;14;7;8;100;0.00358185
48;21;7;17;100;0.00841824
48;39;7;21;100;0.00956238
48;1;7;20;100;0.0100241
48;15;7;1;100;0.0101493
48;3;7;0;100;0.0102307
48;62;7;37;100;0.0147807
48;54;7;56;100;0.00915574
48;55;7;56;100;0.00875339
48;42;7;39;100;0.0104773
48;5;7;2;100;0.0113688
48;64;7;37;100;0.0149729
48;41;7;39;100;0.0100154
48;38;7;1;100;0.0133064
48;16;7;15;100;0.0124694
48;18;7;15;100;0.0133918
48;11;7;10;100;0.0139284
48;70;7;69;100;0.0150717
48;12;7;10;100;0.0120452
48;71;7;69;100;0.014331
48;30;7;12;100;0.0155589
48;37;7;16;100;0.0133771
48;53;7;38;100;0.0156574
48;29;7;37;100;0.0160019
48;25;7;18;100;0.0156807
48;33;7;18;100;0.0166892
16;51;15;48;184;0.0136046
16;52;15;49;184;0.0135933
16;49;15;7;184;0.0124322
16;48;15;7;184;0.0124694
16;47;15;7;184;0.0120682
16;8;15;6;184;0.0118722
16;14;15;19;184;0.0132294
16;50;15;51;184;0.0148763
16;76;37;59;186;0.00985527
16;35;15;33;184;0.0106582
16;59;37;58;186;0.00943624
16;57;37;58;186;0.00949233
16;36;37;12;186;0.0107978
16;56;67;55;185;0.00896151
16;54;67;55;185;0.00913477
16;7;15;6;184;0.0112305
16;46;15;27;184;0.0109587
16;24;15;53;184;0.00813725
16;28;37;29;186;0.00499108
16;72;69;70;187;0.00547012
16;13;67;40;185;0.00691613
16;63;37;64;186;0.00284326
16;4;15;0;184;0.00891464
16;65;37;64;186;0.00355562
16;6;15;9;184;0.0111091
16;20;15;1;184;0.00576644
16;18;15;15;184;0.00556261
16;17;15;15;184;0.00568288
16;1;15;15;184;0.00244529
16;60;37;62;186;0.00355789
16;75;37;34;186;0.00771253
16;58;37;65;186;0.00876869
16;0;15;1;184;0.00563573
16;29;37;37;186;0.00353251
16;39;67;41;185;0.00365494
16;68;67;67;185;0.00188624
16;9;15;20;184;0.00796913
16;15;15;16;184;0.00232009
16;74;69;72;187;0.00682802
16;38;15;18;184;0.00568999
16;67;67;16;185;0.00158938
16;11;37;29;186;0.00589367
16;70;69;69;187;0.00260231
16;69;69;16;187;0.00147452
16;10;37;11;186;0.00913108
16;64;37;37;186;0.00250351
16;5;15;2;184;0.010174
16;62;37;37;186;0.00231131
16;3;15;0;184;0.00891536
16;41;67;66;185;0.00320194
16;42;67;41;185;0.00438445
16;71;69;69;187;0.00186157
16;12;37;10;186;0.0104853
16;37;37;16;186;0.000907694
16;66;67;67;185;0.00290684
16;61;37;62;186;0.00272736
16;2;15;0;184;0.00784713
16;34;37;60;186;0.00606268
16;21;67;39;185;0.00479908
16;40;67;39;185;0.00664285
16;55;67;42;185;0.00829522
16;73;69;72;187;0.00679835
16;25;15;18;184;0.00785145
16;33;15;18;184;0.00886001
16;22;15;17;184;0.00788185
16;53;15;25;184;0.00798851
16;30;37;11;186;0.00754678
16;31;37;34;186;0.00689792
16;32;37;31;186;0.00703392
16;26;67;13;185;0.00752062
16;45;67;26;185;0.00776781
16;43;67;45;185;0.00837307
16;27;15;22;184;0.00806918
16;19;15;4;184;0.0110713
16;23;15;25;184;0.00802618
16;44;15;9;184;0.00814623
64;51;37;48;166;0.0161081
64;52;37;49;166;0.0160968
64;49;37;7;166;0.0149357
64;48;37;7;166;0.0149729
64;47;37;7;166;0.0145717
64;8;37;6;166;0.0143757
64;14;37;19;166;0.015733
64;50;37;51;166;0.0173798
64;36;37;12;166;0.0114859
64;56;37;55;166;0.011465
64;54;37;55;166;0.0116383
64;7;37;6;166;0.013734
64;46;37;27;166;0.0134623
64;24;37;53;166;0.0106408
64;6;37;9;166;0.0136126
64;44;37;9;166;0.0106497
64;35;37;33;166;0.0121567
64;23;37;25;166;0.0105297
64;72;37;70;166;0.00797363
64;13;37;40;166;0.00941964
64;20;37;1;166;0.00826996
64;18;37;15;166;0.00806612
64;17;37;15;166;0.00818639
64;76;65;59;167;0.00735176
64;1;37;15;166;0.0049488
64;60;37;62;166;0.00424601
64;28;37;29;166;0.00567921
64;68;37;67;166;0.00438975
64;9;37;20;166;0.0104726
64;42;37;41;166;0.00688796
64;71;37;69;166;0.00436508
64;12;37;10;166;0.0111734
64;41;37;66;166;0.00570545
64;70;37;69;166;0.00510582
64;11;37;29;166;0.00658179
64;5;37;2;166;0.0126776
64;66;37;67;166;0.00541035
64;37;37;64;166;0.00159582
64;34;37;60;166;0.0067508
64;63;63;64;168;0.000339748
64;4;37;0;166;0.0114182
64;65;65;64;167;0.00105211
64;61;37;62;166;0.00341548
64;2;37;0;166;0.0103506
64;0;37;1;166;0.00813924
64;59;65;58;167;0.00693273
64;58;65;65;167;0.00626518
64;29;37;37;166;0.00422063
64;16;37;37;166;0.00250351
64;75;37;34;166;0.00840066
64;62;37;37;166;0.00299943
64;3;37;0;166;0.0114189
64;15;37;16;166;0.0048236
64;74;37;72;166;0.00933153
64;38;37;18;166;0.0081935
64;67;37;16;166;0.00409289
64;69;37;16;166;0.00397803
64;10;37;11;166;0.00981921
64;39;37;41;166;0.00615845
64;21;37;39;166;0.00730259
64;40;37;39;166;0.00914636
64;57;65;58;167;0.00698882
64;30;37;11;166;0.0082349
64;31;37;34;166;0.00758604
64;55;37;42;166;0.0107987
64;32;37;31;166;0.00772204
64;33;37;31;166;0.0103586
64;73;37;72;166;0.00930186
64;25;37;18;166;0.010355
64;22;37;17;166;0.0103854
64;53;37;25;166;0.010492
64;26;37;13;166;0.0100241
64;45;37;26;166;0.0102713
64;43;37;45;166;0.0108766
64;27;37;22;166;0.0105727
64;19;37;4;166;0.0135748
6;32;9;31;8;0.018143
6;75;9;34;8;0.0188217
6;73;9;72;8;0.0179075
6;74;9;72;8;0.0179371
6;31;9;34;8;0.018007
6;35;9;33;8;0.0171271
6;34;9;60;8;0.0171718
6;58;9;65;8;0.0198778
6;28;9;29;8;0.0161002
6;23;9;25;8;0.0144951
6;24;9;53;8;0.0144458
6;72;9;70;8;0.0165792
6;63;9;64;8;0.0139524
6;65;9;64;8;0.0146647
6;60;9;62;8;0.014667
6;10;9;13;8;0.00933069
6;69;9;16;8;0.0125836
6;40;9;13;8;0.00522257
6;2;8;19;7;0.00768156
6;61;9;62;8;0.0138365
6;13;9;26;8;0.00494929
6;45;7;27;6;0.00448794
6;46;7;44;6;0.0061874
6;17;9;22;8;0.00546662
6;56;7;43;6;0.00696961
6;27;7;44;6;0.00340476
6;26;9;22;8;0.00434481
6;50;7;51;6;0.00376718
6;0;4;4;5;0.0055908
6;4;4;6;5;0.00231189
6;36;7;43;6;0.0108372
6;7;7;6;6;0.0001214
6;66;9;41;8;0.00895019
6;8;8;6;7;0.000763095
6;67;9;66;8;0.0102677
6;47;7;7;6;0.000959066
6;9;9;6;8;0.00313998
6;68;9;66;8;0.0102167
6;19;8;14;7;0.0043797
6;48;7;7;6;0.00136029
6;44;7;7;6;0.00327155
6;20;9;9;8;0.00534267
6;49;7;7;6;0.00132304
6;43;7;45;6;0.00509319
6;14;8;8;7;0.00222156
6;52;7;49;6;0.00248421
6;22;9;9;8;0.00326765
6;51;7;48;6;0.00249551
6;21;9;17;8;0.00705795
6;39;9;21;8;0.00820209
6;1;9;20;8;0.00866382
6;15;9;1;8;0.00878903
6;3;4;0;5;0.00887043
6;62;9;37;8;0.0134204
6;54;7;56;6;0.00803825
6;55;7;56;6;0.0076359
6;42;9;39;8;0.00911698
6;5;8;2;7;0.0100085
6;64;9;37;8;0.0136126
6;41;9;39;8;0.00865509
6;38;9;1;8;0.0119461
6;16;9;15;8;0.0111091
6;18;9;15;8;0.0120315
6;11;9;10;8;0.0125681
6;70;9;69;8;0.0137114
6;12;9;10;8;0.0106849
6;71;9;69;8;0.0129707
6;30;9;12;8;0.0141986
6;37;9;16;8;0.0120168
6;53;9;38;8;0.0142971
6;29;9;37;8;0.0146416
6;25;9;18;8;0.0143204
6;33;9;18;8;0.0153289
72;51;70;48;206;0.0190748
72;52;70;49;206;0.0190634
72;49;70;7;206;0.0179023
72;48;70;7;206;0.0179395
72;47;70;7;206;0.0175383
72;8;70;6;206;0.0173423
72;14;70;19;206;0.0186996
72;76;70;59;206;0.0153254
72;35;70;33;206;0.0161283
72;59;70;58;206;0.0149064
72;57;70;58;206;0.0149625
72;36;70;12;206;0.0162679
72;56;70;55;206;0.0143252
72;54;70;55;206;0.0144984
72;7;70;6;206;0.0167006
72;46;70;27;206;0.0164289
72;24;70;53;206;0.0136074
72;63;70;64;206;0.00831338
72;4;70;0;206;0.0143848
72;65;70;64;206;0.00902575
72;6;70;9;206;0.0165792
72;20;70;1;206;0.0112366
72;18;70;15;206;0.0110327
72;17;70;15;206;0.011153
72;1;70;15;206;0.00791542
72;60;70;62;206;0.00902801
72;61;70;62;206;0.00819748
72;2;70;0;206;0.0133173
72;62;70;37;206;0.00778143
72;3;70;0;206;0.0143855
72;13;70;40;206;0.0122798
72;41;70;66;206;0.0085656
72;70;70;72;206;0.00286781
72;11;70;29;206;0.0113638
72;42;70;41;206;0.00974811
72;71;70;70;206;0.00400533
72;12;70;10;206;0.0159554
72;69;70;70;206;0.00399561
72;10;70;11;206;0.0146012
72;74;74;72;205;0.0013579
72;15;70;16;206;0.00779022
72;16;70;69;206;0.00547012
72;75;70;34;206;0.0131827
72;39;70;41;206;0.0090186
72;68;70;71;206;0.00700399
72;9;70;20;206;0.0134393
72;0;70;1;206;0.0111059
72;29;70;37;206;0.00900264
72;73;73;72;207;0.00132822
72;38;70;18;206;0.0111601
72;67;70;16;206;0.0070595
72;66;70;68;206;0.00827049
72;37;70;16;206;0.00637782
72;64;70;37;206;0.00797363
72;5;70;2;206;0.0156442
72;28;70;29;206;0.0104612
72;21;70;39;206;0.0101627
72;40;70;39;206;0.0120065
72;58;70;65;206;0.0142388
72;34;70;60;206;0.0115328
72;55;70;42;206;0.0136589
72;25;70;18;206;0.0133216
72;33;70;18;206;0.0143301
72;22;70;17;206;0.013352
72;53;70;25;206;0.0134586
72;30;70;11;206;0.0130169
72;31;70;34;206;0.012368
72;26;70;13;206;0.0128843
72;32;70;31;206;0.012504
72;45;70;26;206;0.0131315
72;43;70;45;206;0.0137367
72;27;70;22;206;0.0135393
72;19;70;4;206;0.0165414
72;23;70;25;206;0.0134963
72;44;70;9;206;0.0136164
17;76;15;59;34;0.0155381
17;59;15;58;34;0.0151191
17;57;15;58;34;0.0151752
17;32;15;31;34;0.0127168
17;75;15;34;34;0.0133954
17;73;15;72;34;0.0124812
17;74;15;72;34;0.0125109
17;31;15;34;34;0.0125808
17;35;15;33;34;0.0117009
17;30;21;12;31;0.0130047
17;34;15;60;34;0.0117456
17;58;15;65;34;0.0144516
17;28;15;29;34;0.010674
17;24;15;53;34;0.00917995
17;23;15;25;34;0.00906887
17;5;20;2;32;0.0111374
17;72;15;70;34;0.011153
17;63;15;64;34;0.00852614
17;43;22;45;33;0.00407474
17;18;15;15;34;0.0066053
17;19;20;4;32;0.00550867
17;0;20;4;32;0.00663092
17;66;21;41;31;0.00348357
17;7;22;6;33;0.00558802
17;13;21;40;31;0.00375542
17;42;21;39;31;0.00365036
17;41;21;39;31;0.00318847
17;16;15;15;34;0.00568288
17;45;22;27;33;0.00346948
17;6;22;9;33;0.00546662
17;65;15;64;34;0.0092385
17;46;22;27;33;0.00527587
17;4;20;20;32;0.00335201
17;21;21;17;31;0.00159133
17;20;20;17;32;0.000140631
17;22;22;17;33;0.00219897
17;67;21;66;31;0.00480103
17;8;22;6;33;0.00622971
17;38;15;18;34;0.00673269
17;9;22;22;33;0.00232664
17;68;21;66;31;0.00475008
17;1;20;20;32;0.00346178
17;60;15;62;34;0.00924076
17;40;21;21;31;0.00348214
17;27;22;22;33;0.00238631
17;39;21;21;31;0.00273547
17;26;22;22;33;0.00327613
17;15;15;17;34;0.00336278
17;44;22;9;33;0.00250373
17;55;22;56;33;0.00661745
17;10;21;13;31;0.00813682
17;69;15;16;34;0.00715739
17;56;22;43;33;0.00595116
17;36;21;12;31;0.00980351
17;71;15;69;34;0.00754444
17;12;21;10;31;0.00949104
17;50;22;46;33;0.00923378
17;14;20;19;32;0.00766681
17;2;20;19;32;0.00881053
17;61;15;62;34;0.00841024
17;47;22;7;33;0.00642569
17;48;22;7;33;0.00682691
17;49;22;7;33;0.00678966
17;37;15;16;34;0.00659057
17;54;22;56;33;0.0070198
17;29;15;37;34;0.00921539
17;64;15;37;34;0.00818639
17;62;15;37;34;0.00799419
17;3;20;0;32;0.00991055
17;25;15;18;34;0.00889414
17;33;15;18;34;0.0099027
17;53;15;25;34;0.0090312
17;52;22;49;33;0.00795083
17;51;22;48;33;0.00796213
17;70;15;69;34;0.00828519
17;11;21;10;31;0.0113742
52;35;49;33;104;0.0196113
52;34;49;60;104;0.019656
52;28;49;29;104;0.0185844
52;23;49;25;104;0.0169793
52;24;49;53;104;0.01693
52;72;49;70;104;0.0190634
52;63;49;64;104;0.0164366
52;65;49;64;104;0.0171489
52;60;49;62;104;0.0171512
52;10;49;13;104;0.0118149
52;69;49;16;104;0.0150678
52;40;49;13;104;0.00770678
52;2;49;19;104;0.0101658
52;61;49;62;104;0.0163207
52;13;49;26;104;0.0074335
52;26;49;22;104;0.00682901
52;45;49;27;104;0.00672934
52;56;49;43;104;0.00921102
52;27;49;44;104;0.00564617
52;0;49;4;104;0.008075
52;43;49;45;104;0.0073346
52;14;49;8;104;0.00470577
52;20;49;9;104;0.00782688
52;49;49;52;104;0.00116117
52;22;49;9;104;0.00575186
52;51;51;52;105;9.41087e-05
52;50;50;52;106;0.00129649
52;19;49;14;104;0.00686391
52;48;51;51;105;0.00122934
52;9;49;6;104;0.00562419
52;68;49;66;104;0.0127009
52;36;49;43;104;0.0130786
52;7;49;49;104;0.00236281
52;66;49;41;104;0.0114344
52;17;49;22;104;0.00795083
52;46;50;50;106;0.00525439
52;6;49;7;104;0.00248421
52;47;49;7;104;0.00320047
52;8;49;6;104;0.0032473
52;67;49;66;104;0.0127519
52;44;49;7;104;0.00551296
52;4;49;6;104;0.00479609
52;21;49;17;104;0.00954216
52;39;49;21;104;0.0106863
52;1;49;20;104;0.011148
52;15;49;1;104;0.0112732
52;3;49;0;104;0.0113546
52;62;49;37;104;0.0159046
52;54;49;56;104;0.0102797
52;55;49;56;104;0.00987731
52;42;49;39;104;0.0116012
52;5;49;2;104;0.0124927
52;64;49;37;104;0.0160968
52;41;49;39;104;0.0111393
52;38;49;1;104;0.0144303
52;16;49;15;104;0.0135933
52;18;49;15;104;0.0145158
52;11;49;10;104;0.0150523
52;70;49;69;104;0.0161956
52;12;49;10;104;0.0131691
52;71;49;69;104;0.0154549
52;30;49;12;104;0.0166828
52;37;49;16;104;0.014501
52;53;49;38;104;0.0167813
52;29;49;37;104;0.0171258
52;25;49;18;104;0.0168046
52;33;49;18;104;0.0178131
29;51;37;48;59;0.0171371
29;52;37;49;59;0.0171258
29;49;37;7;59;0.0159647
29;48;37;7;59;0.0160019
29;47;37;7;59;0.0156007
29;8;37;6;59;0.0154047
29;14;37;19;59;0.016762
29;50;37;51;59;0.0184088
29;54;37;55;59;0.0126673
29;7;37;6;59;0.014763
29;46;37;27;59;0.0144913
29;24;37;53;59;0.0116698
29;6;37;9;59;0.0146416
29;44;37;9;59;0.0116787
29;56;37;55;59;0.012494
29;35;37;33;59;0.0131857
29;23;37;25;59;0.0115587
29;19;37;4;59;0.0146038
29;18;37;15;59;0.00909512
29;17;37;15;59;0.00921539
29;76;37;59;59;0.0115724
29;13;11;10;57;0.00997997
29;72;37;70;59;0.00900264
29;71;37;69;59;0.00539408
29;12;11;10;57;0.0069528
29;34;37;60;59;0.00777981
29;63;37;64;59;0.00456038
29;4;37;0;59;0.0124472
29;65;37;64;59;0.00527275
29;60;37;62;59;0.00527501
29;1;37;15;59;0.00597781
29;61;37;62;59;0.00444449
29;2;37;0;59;0.0113796
29;0;37;1;59;0.00916824
29;59;37;58;59;0.0111534
29;58;37;65;59;0.0104858
29;16;37;37;59;0.00353251
29;75;37;34;59;0.00942966
29;66;37;67;59;0.00643935
29;37;37;29;59;0.00262482
29;28;28;29;58;0.00145857
29;15;37;16;59;0.00585261
29;74;37;72;59;0.0103605
29;38;37;18;59;0.00922251
29;67;37;16;59;0.00512189
29;68;37;67;59;0.00541875
29;9;37;20;59;0.0115016
29;10;11;11;57;0.00559857
29;69;37;16;59;0.00500703
29;62;37;37;59;0.00402844
29;3;37;0;59;0.0124479
29;30;11;11;57;0.00401427
29;11;11;29;57;0.00236116
29;70;37;69;59;0.00613482
29;64;37;37;59;0.00422063
29;5;37;2;59;0.0137066
29;20;37;1;59;0.00929896
29;41;37;66;59;0.00673446
29;42;37;41;59;0.00791697
29;39;37;41;59;0.00718745
29;36;11;12;57;0.00726526
29;21;37;39;59;0.0083316
29;40;37;39;59;0.0101754
29;43;11;45;57;0.0114369
29;31;37;34;59;0.00861504
29;55;37;42;59;0.0118277
29;32;37;31;59;0.00875104
29;33;37;31;59;0.0113876
29;73;37;72;59;0.0103309
29;25;37;18;59;0.011384
29;22;37;17;59;0.0114144
29;53;37;25;59;0.011521
29;26;11;13;57;0.0105845
29;57;37;58;59;0.0112095
29;45;11;26;57;0.0108317
29;27;37;22;59;0.0116017
35;76;33;59;51;0.0194703
35;51;33;48;51;0.0196226
35;52;33;49;51;0.0196113
35;59;33;58;51;0.0190513
35;57;33;58;51;0.0191074
35;54;33;56;51;0.0187207
35;49;33;7;51;0.0184502
35;48;33;7;51;0.0184874
35;47;33;7;51;0.0180862
35;8;33;6;51;0.0178902
35;14;33;19;51;0.0192475
35;73;33;72;51;0.0174565
35;74;33;72;51;0.0174862
35;56;33;43;51;0.017652
35;30;33;11;51;0.0172
35;69;33;16;51;0.0121327
35;10;33;11;51;0.0187843
35;37;33;62;51;0.0105609
35;20;33;1;51;0.0117845
35;29;33;37;51;0.0131857
35;0;33;1;51;0.0116537
35;16;33;15;51;0.0106582
35;75;33;32;51;0.00562688
35;23;33;25;51;0.00755915
35;64;33;37;51;0.0121567
35;5;33;2;51;0.0161921
35;62;33;60;51;0.00915731
35;3;33;0;51;0.0149334
35;33;33;35;51;0.00179819
35;18;33;33;51;0.00509558
35;61;33;60;51;0.00896513
35;2;33;0;51;0.0138651
35;32;33;31;51;0.0047067
35;63;33;61;51;0.0121391
35;4;33;0;51;0.0149327
35;34;33;31;51;0.00540594
35;31;33;33;51;0.0045707
35;60;33;34;51;0.00791074
35;1;33;15;51;0.0084633
35;17;33;15;51;0.0117009
35;67;33;16;51;0.0122476
35;38;33;18;51;0.00522297
35;25;33;18;51;0.00738442
35;15;33;18;51;0.0083381
35;24;33;53;51;0.00767023
35;53;33;25;51;0.00752148
35;21;33;17;51;0.0132922
35;22;33;17;51;0.0138999
35;9;33;20;51;0.0139871
35;68;33;67;51;0.0125444
35;70;33;69;51;0.0132605
35;11;33;29;51;0.0155469
35;71;33;69;51;0.0125198
35;65;33;63;51;0.0131707
35;6;33;9;51;0.0171271
35;66;33;67;51;0.013565
35;7;33;6;51;0.0172485
35;58;33;65;51;0.0183837
35;28;33;29;51;0.0146443
35;72;33;70;51;0.0161283
35;13;33;40;51;0.0154563
35;39;33;41;51;0.0143131
35;40;33;21;51;0.015183
35;41;33;66;51;0.0138601
35;42;33;41;51;0.0150426
35;19;33;4;51;0.0170893
35;26;33;22;51;0.014977
35;27;33;22;51;0.0140872
35;44;33;9;51;0.0141642
35;45;33;27;51;0.0151704
35;46;33;27;51;0.0169768
35;55;33;56;51;0.0183183
35;43;33;45;51;0.0157756
7;32;6;31;83;0.0182644
7;75;6;34;83;0.0189431
7;73;6;72;83;0.0180289
7;74;6;72;83;0.0180585
7;31;6;34;83;0.0181284
7;35;6;33;83;0.0172485
7;34;6;60;83;0.0172932
7;58;6;65;83;0.0199992
7;28;6;29;83;0.0162216
7;23;6;25;83;0.0146165
7;24;6;53;83;0.0145672
7;72;6;70;83;0.0167006
7;63;6;64;83;0.0140738
7;65;6;64;83;0.0147861
7;60;6;62;83;0.0147884
7;10;6;13;83;0.00945209
7;69;6;16;83;0.012705
7;40;6;13;83;0.00534397
7;2;6;19;83;0.00780296
7;61;6;62;83;0.0139579
7;13;6;26;83;0.00507069
7;26;6;22;83;0.00446621
7;45;44;27;85;0.00436654
7;17;6;22;83;0.00558802
7;46;44;44;85;0.006066
7;56;44;43;85;0.00684821
7;27;44;44;85;0.00328336
7;0;6;4;83;0.0057122
7;50;48;51;86;0.00364578
7;36;44;43;85;0.0107158
7;66;6;41;83;0.00907159
7;6;6;7;83;0.0001214
7;47;47;7;84;0.000837666
7;8;6;6;83;0.000884494
7;67;6;66;83;0.0103891
7;44;44;7;85;0.00315015
7;19;6;14;83;0.0045011
7;48;48;7;86;0.00123889
7;9;6;6;83;0.00326138
7;68;6;66;83;0.0103381
7;20;6;9;83;0.00546407
7;49;49;7;87;0.00120164
7;4;6;6;83;0.00243329
7;43;44;45;85;0.00497179
7;14;6;8;83;0.00234296
7;52;49;49;87;0.00236281
7;22;6;9;83;0.00338905
7;51;48;48;86;0.00237411
7;21;6;17;83;0.00717935
7;39;6;21;83;0.00832349
7;1;6;20;83;0.00878522
7;15;6;1;83;0.00891042
7;3;6;0;83;0.00899183
7;62;6;37;83;0.0135418
7;54;44;56;85;0.00791685
7;55;44;56;85;0.0075145
7;42;6;39;83;0.00923838
7;5;6;2;83;0.0101299
7;64;6;37;83;0.013734
7;41;6;39;83;0.00877649
7;38;6;1;83;0.0120675
7;16;6;15;83;0.0112305
7;18;6;15;83;0.0121529
7;11;6;10;83;0.0126895
7;70;6;69;83;0.0138328
7;12;6;10;83;0.0108063
7;71;6;69;83;0.0130921
7;30;6;12;83;0.01432
7;37;6;16;83;0.0121382
7;53;6;38;83;0.0144185
7;29;6;37;83;0.014763
7;25;6;18;83;0.0144418
7;33;6;18;83;0.0154503
22;76;17;59;40;0.0177371
22;59;17;58;40;0.0173181
22;57;17;58;40;0.0173742
22;32;17;31;40;0.0149158
22;75;17;34;40;0.0155944
22;73;17;72;40;0.0146802
22;74;17;72;40;0.0147099
22;31;17;34;40;0.0147798
22;35;17;33;40;0.0138999
22;34;17;60;40;0.0139445
22;58;17;65;40;0.0166505
22;28;17;29;40;0.0128729
22;24;17;53;40;0.0113789
22;23;17;25;40;0.0112678
22;5;9;2;38;0.0132761
22;72;17;70;40;0.013352
22;63;17;64;40;0.0107251
22;65;17;64;40;0.0114375
22;54;27;56;39;0.00482083
22;48;9;7;38;0.00462794
22;47;9;7;38;0.00422672
22;8;9;6;38;0.00403074
22;67;17;66;40;0.007
22;1;9;20;38;0.0056515
22;60;17;62;40;0.0114397
22;4;9;20;38;0.00554173
22;50;27;46;39;0.0070348
22;21;17;17;40;0.0037903
22;39;17;21;40;0.00493444
22;10;26;13;37;0.00606304
22;69;17;16;40;0.00935637
22;40;26;13;37;0.00195493
22;9;9;22;38;0.000127664
22;68;17;66;40;0.00694905
22;55;27;56;39;0.00441848
22;26;26;22;37;0.00107716
22;13;26;26;37;0.00168165
22;56;27;43;39;0.00375219
22;27;27;22;39;0.000187337
22;43;27;45;39;0.00187576
22;49;9;7;38;0.00459069
22;20;9;9;38;0.00233035
22;17;17;22;40;0.00219897
22;46;27;27;39;0.0030769
22;36;27;43;39;0.00761974
22;7;9;6;38;0.00338905
22;66;17;41;40;0.00568255
22;15;17;17;40;0.00556176
22;44;9;9;38;0.000304762
22;6;9;9;38;0.00326765
22;45;27;27;39;0.00127051
22;14;9;8;38;0.00548921
22;42;17;39;40;0.00584933
22;52;9;49;38;0.00575186
22;51;9;48;38;0.00576316
22;41;17;39;40;0.00538744
22;19;9;14;38;0.00764735
22;0;9;4;38;0.00882064
22;16;17;15;40;0.00788185
22;18;17;15;40;0.00880427
22;38;17;18;40;0.00893166
22;11;26;10;37;0.00930045
22;70;17;69;40;0.0104842
22;12;26;10;37;0.00741727
22;71;17;69;40;0.00974341
22;30;26;12;37;0.010931
22;2;9;19;38;0.0109492
22;61;17;62;40;0.0106092
22;37;17;16;40;0.00878954
22;29;17;37;40;0.0114144
22;64;17;37;40;0.0103854
22;62;17;37;40;0.0101932
22;3;9;0;38;0.0121003
22;25;17;18;40;0.0110931
22;33;17;18;40;0.0121017
22;53;17;25;40;0.0112302
8;32;6;31;12;0.0189061
8;75;6;34;12;0.0195847
8;73;6;72;12;0.0186706
8;74;6;72;12;0.0187002
8;31;6;34;12;0.0187701
8;35;6;33;12;0.0178902
8;34;6;60;12;0.0179349
8;28;6;29;12;0.0168633
8;23;6;25;12;0.0152582
8;24;6;53;12;0.0152089
8;72;6;70;12;0.0173423
8;63;6;64;12;0.0147155
8;65;6;64;12;0.0154278
8;60;6;62;12;0.0154301
8;10;6;13;12;0.0100938
8;69;6;16;12;0.0133467
8;40;6;13;12;0.00598567
8;13;6;26;12;0.00571239
8;45;6;27;12;0.00525103
8;46;6;44;12;0.00695049
8;17;6;22;12;0.00622971
8;56;6;43;12;0.00773271
8;27;6;44;12;0.00416786
8;26;6;22;12;0.0051079
8;2;14;19;13;0.00691846
8;61;6;62;12;0.0145996
8;50;6;51;12;0.00453028
8;0;6;4;12;0.00635389
8;67;6;66;12;0.0110307
8;47;6;7;12;0.00172216
8;6;6;8;12;0.000763095
8;43;6;45;12;0.00585628
8;14;14;8;13;0.00145847
8;4;6;6;12;0.00307498
8;36;6;43;12;0.0116003
8;7;6;6;12;0.000884494
8;66;6;41;12;0.00971329
8;9;6;6;12;0.00390308
8;68;6;66;12;0.0109798
8;19;14;14;13;0.0036166
8;48;6;7;12;0.00212338
8;44;6;7;12;0.00403465
8;20;6;9;12;0.00610577
8;49;6;7;12;0.00208613
8;52;6;49;12;0.0032473
8;22;6;9;12;0.00403074
8;51;6;48;12;0.00325861
8;21;6;17;12;0.00782105
8;39;6;21;12;0.00896519
8;1;6;20;12;0.00942692
8;15;6;1;12;0.00955212
8;3;6;0;12;0.00963352
8;62;6;37;12;0.0141835
8;5;14;2;13;0.00924537
8;64;6;37;12;0.0143757
8;54;6;56;12;0.00880134
8;55;6;56;12;0.008399
8;42;6;39;12;0.00988007
8;41;6;39;12;0.00941819
8;38;6;1;12;0.0127092
8;16;6;15;12;0.0118722
8;18;6;15;12;0.0127946
8;11;6;10;12;0.0133312
8;70;6;69;12;0.0144745
8;12;6;10;12;0.011448
8;71;6;69;12;0.0137338
8;30;6;12;12;0.0149617
8;37;6;16;12;0.0127799
8;53;6;38;12;0.0150602
8;29;6;37;12;0.0154047
8;25;6;18;12;0.0150835
8;33;6;18;12;0.016092
23;76;25;59;36;0.0178814
23;59;25;58;36;0.0174624
23;57;25;58;36;0.0175185
23;51;25;48;36;0.0169906
23;52;25;49;36;0.0169793
23;12;25;10;36;0.0185115
23;54;25;56;36;0.0160887
23;49;25;7;36;0.0158181
23;48;25;7;36;0.0158554
23;47;25;7;36;0.0154542
23;8;25;6;36;0.0152582
23;14;25;19;36;0.0166154
23;50;25;51;36;0.0182623
23;30;25;11;36;0.015573
23;73;25;72;36;0.0148245
23;74;25;72;36;0.0148542
23;36;25;12;36;0.018824
23;56;25;43;36;0.01502
23;22;25;17;36;0.0112678
23;21;25;17;36;0.0106602
23;34;25;31;36;0.00936871
23;3;25;0;36;0.0123014
23;62;25;37;36;0.0103375
23;32;25;31;36;0.00866947
23;69;25;16;36;0.00950069
23;10;25;11;36;0.0171573
23;37;25;16;36;0.00893387
23;20;25;1;36;0.00915244
23;29;25;37;36;0.0115587
23;0;25;1;36;0.00902172
23;25;25;23;36;0.000174726
23;67;25;16;36;0.00961556
23;38;25;18;36;0.00259095
23;24;24;23;35;0.00013204
23;53;24;24;35;0.000280783
23;1;25;15;36;0.00583128
23;60;25;62;36;0.0115841
23;18;25;25;36;0.00246356
23;2;25;0;36;0.0112331
23;61;25;62;36;0.0107535
23;31;25;33;36;0.00853347
23;15;25;18;36;0.00570608
23;4;25;0;36;0.0123006
23;63;25;64;36;0.0108694
23;33;25;18;36;0.00576096
23;16;25;15;36;0.00802618
23;75;25;32;36;0.00958965
23;17;25;15;36;0.00906887
23;64;25;37;36;0.0105297
23;5;25;2;36;0.01356
23;35;25;33;36;0.00755915
23;9;25;20;36;0.0113551
23;68;25;67;36;0.00991241
23;70;25;69;36;0.0106285
23;11;25;29;36;0.0139198
23;71;25;69;36;0.00988774
23;66;25;67;36;0.010933
23;7;25;6;36;0.0146165
23;65;25;64;36;0.0115818
23;6;25;9;36;0.0144951
23;72;25;70;36;0.0134963
23;13;25;40;36;0.0128243
23;39;25;41;36;0.0116811
23;40;25;21;36;0.012551
23;41;25;66;36;0.0112281
23;42;25;41;36;0.0124106
23;19;25;4;36;0.0144573
23;26;25;22;36;0.012345
23;27;25;22;36;0.0114552
23;44;25;9;36;0.0115322
23;45;25;27;36;0.0125384
23;46;25;27;36;0.0143447
23;28;25;29;36;0.0130173
23;58;25;65;36;0.0167949
23;55;25;56;36;0.0156863
23;43;25;45;36;0.0131436
