{"timestamp":"2025-11-20 15:50:01","m_Q":[[0.5459806585892907,0.019173890411837743,0.02624087752976223],[0.019173890411837743,0.6062309759125922,-0.004978596649853749],[0.02624087752976223,-0.004978596649853749,0.5773284300455085]],"m_n":[-7.934125544353035,-35.465518723507756,-5.4522252399335995],"m_d":1046.3862169028548}